ID,Durat   ,protocol,service,SrcIP,sourcemac,SrcPort,DstIP,destinationmac,DstPort,tos,Bytes  ,Packets ,count,dsthstsrvcount,Labels
1,0.591,UDP,,82.18.250.37,00:00:00:00:00:01,51841,147.32.84.229,,13363,,804,4,,,Background
2,3.195,TCP,,81.83.115.150,00:00:00:00:00:01,2751,147.32.84.229,,13363,,220,4,,,Background
3,0.191,TCP,,199.47.217.149,00:00:00:00:00:01,80,147.32.86.151,,1029,,532,3,,,Background
4,1.479,TCP,,85.70.43.8,00:00:00:00:00:01,1026,147.32.84.229,,13363,,220,4,,,Background
5,6.042,UDP,,82.99.161.58,00:00:00:00:00:01,29078,147.32.84.185,,30123,,483,3,,,Background
6,45.109,TCP,,147.32.84.59,00:00:00:00:00:01,50602,195.113.232.90,,80,,264,4,,,Background
7,45.119,TCP,,147.32.84.59,00:00:00:00:00:01,50605,195.113.232.90,,80,,264,4,,,Background
8,45.013,TCP,,147.32.84.189,00:00:00:00:00:01,43484,195.113.232.80,,80,,264,4,,,Background
9,45.02,TCP,,147.32.84.189,00:00:00:00:00:01,50729,74.125.232.202,,443,,264,4,,,LEGITIMATE
10,45.028,TCP,,147.32.84.189,00:00:00:00:00:01,50730,74.125.232.202,,443,,264,4,,,LEGITIMATE
11,45.02,TCP,,147.32.84.189,00:00:00:00:00:01,55609,74.125.232.223,,443,,264,4,,,LEGITIMATE
12,45.028,TCP,,147.32.84.189,00:00:00:00:00:01,55610,74.125.232.223,,443,,264,4,,,LEGITIMATE
13,45.02,TCP,,147.32.84.189,00:00:00:00:00:01,55612,74.125.232.223,,443,,264,4,,,LEGITIMATE
14,45.02,TCP,,147.32.84.189,00:00:00:00:00:01,55613,74.125.232.223,,443,,264,4,,,LEGITIMATE
15,45.02,TCP,,147.32.84.189,00:00:00:00:00:01,55614,74.125.232.223,,443,,264,4,,,LEGITIMATE
16,45.127,TCP,,147.32.84.189,00:00:00:00:00:01,55225,209.85.148.147,,443,,264,4,,,LEGITIMATE
17,45.128,TCP,,147.32.84.189,00:00:00:00:00:01,55226,209.85.148.147,,443,,264,4,,,LEGITIMATE
18,45.127,TCP,,147.32.84.189,00:00:00:00:00:01,55227,209.85.148.147,,443,,264,4,,,LEGITIMATE
19,45.127,TCP,,147.32.84.189,00:00:00:00:00:01,55228,209.85.148.147,,443,,264,4,,,LEGITIMATE
20,45.128,TCP,,147.32.84.189,00:00:00:00:00:01,55230,209.85.148.147,,443,,264,4,,,LEGITIMATE
21,45.046,TCP,,147.32.84.189,00:00:00:00:00:01,50362,209.85.149.95,,443,,264,4,,,LEGITIMATE
22,45.047,TCP,,147.32.84.189,00:00:00:00:00:01,50363,209.85.149.95,,443,,264,4,,,LEGITIMATE
23,45.046,TCP,,147.32.84.189,00:00:00:00:00:01,50364,209.85.149.95,,443,,264,4,,,LEGITIMATE
24,45.046,TCP,,147.32.84.189,00:00:00:00:00:01,50365,209.85.149.95,,443,,264,4,,,LEGITIMATE
25,45.028,TCP,,147.32.84.189,00:00:00:00:00:01,45794,74.125.232.204,,443,,264,4,,,LEGITIMATE
26,45.028,TCP,,147.32.84.189,00:00:00:00:00:01,45795,74.125.232.204,,443,,264,4,,,LEGITIMATE
27,45.02,TCP,,147.32.84.189,00:00:00:00:00:01,45796,74.125.232.204,,443,,264,4,,,LEGITIMATE
28,45.127,TCP,,147.32.84.189,00:00:00:00:00:01,45797,74.125.232.204,,443,,264,4,,,LEGITIMATE
29,45.127,TCP,,147.32.84.189,00:00:00:00:00:01,45798,74.125.232.204,,443,,264,4,,,LEGITIMATE
30,45.127,TCP,,147.32.84.189,00:00:00:00:00:01,47141,74.125.232.203,,443,,264,4,,,LEGITIMATE
31,45.127,TCP,,147.32.84.189,00:00:00:00:00:01,47142,74.125.232.203,,443,,264,4,,,LEGITIMATE
32,45.028,TCP,,147.32.84.189,00:00:00:00:00:01,47404,74.125.232.207,,443,,264,4,,,LEGITIMATE
33,45.028,TCP,,147.32.84.189,00:00:00:00:00:01,47405,74.125.232.207,,443,,264,4,,,LEGITIMATE
34,45.127,TCP,,147.32.84.189,00:00:00:00:00:01,47406,74.125.232.207,,443,,264,4,,,LEGITIMATE
35,45.127,TCP,,147.32.84.189,00:00:00:00:00:01,47407,74.125.232.207,,443,,264,4,,,LEGITIMATE
36,45.127,TCP,,147.32.84.189,00:00:00:00:00:01,47408,74.125.232.207,,443,,264,4,,,LEGITIMATE
37,45.127,TCP,,147.32.84.189,00:00:00:00:00:01,47409,74.125.232.207,,443,,264,4,,,LEGITIMATE
38,45.127,TCP,,147.32.84.189,00:00:00:00:00:01,47149,74.125.232.203,,443,,264,4,,,LEGITIMATE
39,45.028,TCP,,147.32.84.189,00:00:00:00:00:01,47150,74.125.232.203,,443,,264,4,,,LEGITIMATE
40,45.028,TCP,,147.32.84.189,00:00:00:00:00:01,36543,74.125.232.254,,443,,264,4,,,LEGITIMATE
41,45.127,TCP,,147.32.84.189,00:00:00:00:00:01,36544,74.125.232.254,,443,,264,4,,,LEGITIMATE
42,45.127,TCP,,147.32.84.189,00:00:00:00:00:01,36545,74.125.232.254,,443,,264,4,,,LEGITIMATE
43,45.127,TCP,,147.32.84.189,00:00:00:00:00:01,36546,74.125.232.254,,443,,264,4,,,LEGITIMATE
44,45.127,TCP,,147.32.84.189,00:00:00:00:00:01,36547,74.125.232.254,,443,,264,4,,,LEGITIMATE
45,45.046,TCP,,147.32.84.189,00:00:00:00:00:01,49642,209.85.149.191,,443,,264,4,,,LEGITIMATE
46,45.046,TCP,,147.32.84.189,00:00:00:00:00:01,49643,209.85.149.191,,443,,264,4,,,LEGITIMATE
47,45.127,TCP,,147.32.84.189,00:00:00:00:00:01,42540,74.125.232.206,,443,,264,4,,,LEGITIMATE
48,45.127,TCP,,147.32.84.189,00:00:00:00:00:01,42541,74.125.232.206,,443,,264,4,,,LEGITIMATE
49,0,ICMP,,147.32.84.164,00:00:00:00:00:01,7,147.32.96.69,,7,,78,1,,,LEGITIMATE
50,0.295,UDP,,84.123.7.52,00:00:00:00:00:01,12056,147.32.84.229,,13363,,240,2,,,Background
51,0,TCP,,86.46.81.36,00:00:00:00:00:01,62798,147.32.84.118,,6881,,120,2,,,Background
52,0.009,TCP,,147.32.84.170,00:00:00:00:00:01,43527,74.125.39.125,,5222,,132,2,,,LEGITIMATE
53,0,ICMP,,147.32.84.191,00:00:00:00:00:01,7,147.32.96.69,,7,,1066,1,,,Botnet
54,0,ICMP,,147.32.84.191,00:00:00:00:00:01,7,147.32.96.69,,7,,1066,1,,,Botnet
55,0,ICMP,,147.32.84.191,00:00:00:00:00:01,7,147.32.96.69,,7,,1066,1,,,Botnet
56,0,ICMP,,147.32.84.191,00:00:00:00:00:01,7,147.32.96.69,,7,,1066,1,,,Botnet
57,0,ICMP,,147.32.84.191,00:00:00:00:00:01,7,147.32.96.69,,7,,1066,1,,,Botnet
58,0,ICMP,,147.32.84.191,00:00:00:00:00:01,7,147.32.96.69,,7,,1066,1,,,Botnet
59,0,ICMP,,147.32.84.191,00:00:00:00:00:01,7,147.32.96.69,,7,,1066,1,,,Botnet
60,0,ICMP,,147.32.84.191,00:00:00:00:00:01,7,147.32.96.69,,7,,1066,1,,,Botnet
61,0,ICMP,,147.32.84.191,00:00:00:00:00:01,7,147.32.96.69,,7,,1066,1,,,Botnet
62,0,ICMP,,147.32.84.191,00:00:00:00:00:01,7,147.32.96.69,,7,,1066,1,,,Botnet
63,0,ICMP,,147.32.84.191,00:00:00:00:00:01,7,147.32.96.69,,7,,1066,1,,,Botnet
64,0,ICMP,,147.32.84.191,00:00:00:00:00:01,7,147.32.96.69,,7,,1066,1,,,Botnet
65,0,UDP,,147.32.84.59,00:00:00:00:00:01,19181,115.143.235.29,,20904,,145,1,,,Background
66,0,ICMP,,147.32.84.191,00:00:00:00:00:01,7,147.32.96.69,,7,,1066,1,,,Botnet
67,0,ICMP,,147.32.84.191,00:00:00:00:00:01,7,147.32.96.69,,7,,1066,1,,,Botnet
68,0,ICMP,,147.32.84.164,00:00:00:00:00:01,7,147.32.96.69,,7,,78,1,,,LEGITIMATE
69,0,ICMP,,147.32.84.191,00:00:00:00:00:01,7,147.32.96.69,,7,,1066,1,,,Botnet
70,0,ICMP,,147.32.84.191,00:00:00:00:00:01,7,147.32.96.69,,7,,1066,1,,,Botnet
71,0,ICMP,,147.32.84.191,00:00:00:00:00:01,7,147.32.96.69,,7,,1066,1,,,Botnet
72,0,ICMP,,147.32.84.191,00:00:00:00:00:01,7,147.32.96.69,,7,,1066,1,,,Botnet
73,0,ICMP,,147.32.84.191,00:00:00:00:00:01,7,147.32.96.69,,7,,1066,1,,,Botnet
74,0,ICMP,,147.32.84.191,00:00:00:00:00:01,7,147.32.96.69,,7,,1066,1,,,Botnet
75,0,ICMP,,147.32.84.191,00:00:00:00:00:01,7,147.32.96.69,,7,,1066,1,,,Botnet
76,0,UDP,,147.32.84.59,00:00:00:00:00:01,19181,89.132.198.65,,11914,,145,1,,,Background
77,0,UDP,,147.32.87.41,00:00:00:00:00:01,123,169.229.70.64,,123,,90,1,,,Background
78,0,ICMP,,147.32.84.191,00:00:00:00:00:01,7,147.32.96.69,,7,,1066,1,,,Botnet
79,37.109,UDP,,147.32.86.116,00:00:00:00:00:01,19083,132.239.93.243,,51512,,536,8,,,Background
80,6.025,UDP,,147.32.86.116,00:00:00:00:00:01,19083,121.72.248.84,,41309,,225,3,,,Background
81,0,UDP,,99.241.106.52,00:00:00:00:00:01,45997,147.32.86.116,,443,,128,2,,,Background
82,0,UDP,,109.191.83.193,00:00:00:00:00:01,37066,147.32.86.116,,443,,128,2,,,Background
83,44.666,UDP,,147.32.84.229,00:00:00:00:00:01,13363,201.43.77.199,,21370,,272,4,,,Background
84,0,UDP,,85.70.139.20,00:00:00:00:00:01,11281,147.32.84.229,,13363,,230,2,,,Background
85,0.814,UDP,,147.32.86.116,00:00:00:00:00:01,19083,219.85.242.131,,57618,,2996,4,,,Background
86,0.097,UDP,,147.32.84.229,00:00:00:00:00:01,13363,41.214.25.14,,63977,,565,2,,,Background
87,0,UDP,,180.216.92.82,00:00:00:00:00:01,39150,147.32.84.229,,13363,,544,2,,,Background
88,0,UDP,,93.103.28.14,00:00:00:00:00:01,27673,147.32.84.229,,13363,,315,2,,,Background
89,0,UDP,,147.32.86.20,00:00:00:00:00:01,64393,147.32.80.9,,53,,394,2,,,Background
90,0.118,TCP,,147.32.86.20,00:00:00:00:00:01,1871,87.98.230.229,,80,,22471,30,,,Background
91,6.141,TCP,,147.32.84.229,00:00:00:00:00:01,13363,90.203.121.78,,51676,,220,4,,,Background
92,0,UDP,,195.170.178.100,00:00:00:00:00:01,33391,147.32.84.229,,13363,,247,2,,,Background
93,50.131,UDP,,147.32.84.68,00:00:00:00:00:01,51454,85.231.137.150,,12308,,978,17,,,Background
94,14.342,TCP,,134.59.11.70,00:00:00:00:00:01,48864,147.32.84.229,,13363,,1021,9,,,Background
95,0,ICMP,,147.32.84.164,00:00:00:00:00:01,7,147.32.96.69,,7,,156,2,,,LEGITIMATE
96,0,UDP,,60.250.207.145,00:00:00:00:00:01,48759,147.32.84.229,,13363,,135,2,,,Background
97,0,UDP,,79.101.143.96,00:00:00:00:00:01,19328,147.32.84.229,,13363,,245,2,,,Background
98,0,UDP,,147.32.84.79,00:00:00:00:00:01,45139,147.32.80.9,,53,,331,2,,,Background
99,0,UDP,,77.67.32.161,00:00:00:00:00:01,25431,147.32.86.116,,19083,,146,2,,,Background
100,0.003,UDP,,147.32.100.32,00:00:00:00:00:01,48982,147.32.84.229,,13363,,3022,4,,,Background
101,0,UDP,,2.71.21.118,00:00:00:00:00:01,35435,147.32.86.116,,19083,,135,2,,,Background
102,0.005,UDP,,187.56.181.68,00:00:00:00:00:01,25834,147.32.86.116,,19083,,2985,4,,,Background
103,0,UDP,,80.8.80.231,00:00:00:00:00:01,46430,147.32.84.229,,13363,,132,2,,,Background
104,0.035,UDP,,147.32.85.24,00:00:00:00:00:01,34013,147.32.80.9,,53,,420,4,,,Background
105,0,UDP,,114.73.150.109,00:00:00:00:00:01,11418,147.32.86.116,,19083,,136,2,,,Background
106,13.982,TCP,,147.32.86.186,00:00:00:00:00:01,5485,74.125.232.204,,443,,3908,15,,,LEGITIMATE
107,0,UDP,,147.32.84.138,00:00:00:00:00:01,57444,147.32.80.9,,53,,214,2,,,Background
108,0,UDP,,147.32.84.138,00:00:00:00:00:01,36973,147.32.80.9,,53,,214,2,,,Background
109,0,UDP,,147.32.84.138,00:00:00:00:00:01,50208,147.32.80.9,,53,,214,2,,,Background
110,5.994,UDP,,147.32.84.229,00:00:00:00:00:01,13363,200.232.209.40,,27188,,219,3,,,Background
111,0,UDP,,76.19.127.116,00:00:00:00:00:01,55004,147.32.84.229,,13363,,528,2,,,Background
112,0,UDP,,147.32.84.138,00:00:00:00:00:01,40518,147.32.80.9,,53,,214,2,,,Background
113,19.828,UDP,,147.32.84.138,00:00:00:00:00:01,33783,147.32.80.9,,53,,428,4,,,Background
114,0,UDP,,147.32.84.138,00:00:00:00:00:01,51207,147.32.80.9,,53,,214,2,,,Background
115,0,UDP,,147.32.84.138,00:00:00:00:00:01,51989,147.32.80.9,,53,,214,2,,,Background
116,0,UDP,,149.5.45.7,00:00:00:00:00:01,43024,147.32.84.229,,13363,,272,2,,,Background
117,0,UDP,,147.32.84.138,00:00:00:00:00:01,58929,147.32.80.9,,53,,214,2,,,Background
118,0,UDP,,147.32.84.138,00:00:00:00:00:01,40351,147.32.80.9,,53,,214,2,,,Background
119,0,UDP,,147.32.84.138,00:00:00:00:00:01,56643,147.32.80.9,,53,,214,2,,,Background
120,0,UDP,,147.32.84.138,00:00:00:00:00:01,55356,147.32.80.9,,53,,214,2,,,Background
121,16.525,UDP,,147.32.84.229,00:00:00:00:00:01,13363,86.52.214.165,,44751,,1093,6,,,Background
122,0.001,UDP,,178.202.2.161,00:00:00:00:00:01,20777,147.32.86.116,,19083,,464,3,,,Background
123,0.192,TCP,,199.47.217.149,00:00:00:00:00:01,80,147.32.86.77,,39957,,594,3,,,Background
124,0,UDP,,147.32.85.8,00:00:00:00:00:01,58895,147.32.80.9,,53,,224,2,,,Background
125,0,UDP,,147.32.85.8,00:00:00:00:00:01,41423,147.32.80.9,,53,,234,2,,,Background
126,0.02,UDP,,147.32.85.8,00:00:00:00:00:01,59916,147.32.80.9,,53,,576,2,,,Background
127,0,UDP,,147.32.85.8,00:00:00:00:00:01,56665,147.32.80.9,,53,,566,2,,,Background
128,45.234,TCP,,147.32.85.8,00:00:00:00:00:01,58549,74.125.232.200,,443,,3841,16,,,LEGITIMATE
129,0.24,UDP,,82.132.242.56,00:00:00:00:00:01,25670,147.32.84.229,,13363,,1150,6,,,Background
130,0.026,TCP,,147.32.85.8,00:00:00:00:00:01,34212,74.125.232.198,,443,,3088,12,,,LEGITIMATE
131,0.003,UDP,,109.121.250.83,00:00:00:00:00:01,28478,147.32.84.229,,13363,,3023,4,,,Background
132,59.969,TCP,,147.32.84.59,00:00:00:00:00:01,50567,74.125.39.104,,443,,718,11,,,LEGITIMATE
133,0,ICMP,,147.32.84.191,00:00:00:00:00:01,7,147.32.96.69,,7,,1066,1,,,Botnet
134,0,ICMP,,147.32.84.191,00:00:00:00:00:01,7,147.32.96.69,,7,,1066,1,,,Botnet
135,0,ICMP,,147.32.84.191,00:00:00:00:00:01,7,147.32.96.69,,7,,1066,1,,,Botnet
136,0,ICMP,,147.32.84.191,00:00:00:00:00:01,7,147.32.96.69,,7,,1066,1,,,Botnet
137,0,ICMP,,147.32.84.191,00:00:00:00:00:01,7,147.32.96.69,,7,,1066,1,,,Botnet
138,0,ICMP,,147.32.84.164,00:00:00:00:00:01,7,147.32.96.69,,7,,78,1,,,LEGITIMATE
139,0,ICMP,,147.32.84.191,00:00:00:00:00:01,7,147.32.96.69,,7,,1066,1,,,Botnet
140,0,TCP,,147.32.87.248,00:00:00:00:00:01,36450,79.40.227.63,,24861,,74,1,,,Background
141,0,ICMP,,147.32.84.191,00:00:00:00:00:01,7,147.32.96.69,,7,,1066,1,,,Botnet
142,0,ICMP,,147.32.84.191,00:00:00:00:00:01,7,147.32.96.69,,7,,1066,1,,,Botnet
143,0,ICMP,,147.32.84.191,00:00:00:00:00:01,7,147.32.96.69,,7,,1066,1,,,Botnet
144,0,ICMP,,147.32.84.191,00:00:00:00:00:01,7,147.32.96.69,,7,,1066,1,,,Botnet
145,0,ICMP,,147.32.84.191,00:00:00:00:00:01,7,147.32.96.69,,7,,1066,1,,,Botnet
146,0,ICMP,,147.32.84.191,00:00:00:00:00:01,7,147.32.96.69,,7,,1066,1,,,Botnet
147,0,ICMP,,147.32.84.191,00:00:00:00:00:01,7,147.32.96.69,,7,,1066,1,,,Botnet
148,0,ICMP,,147.32.84.191,00:00:00:00:00:01,7,147.32.96.69,,7,,1066,1,,,Botnet
149,0,UDP,,147.32.84.59,00:00:00:00:00:01,19181,182.93.171.189,,11175,,145,1,,,Background
150,0,ICMP,,147.32.84.191,00:00:00:00:00:01,7,147.32.96.69,,7,,1066,1,,,Botnet
151,0,ICMP,,147.32.84.191,00:00:00:00:00:01,7,147.32.96.69,,7,,1066,1,,,Botnet
152,0,ICMP,,147.32.84.191,00:00:00:00:00:01,7,147.32.96.69,,7,,1066,1,,,Botnet
153,0,ICMP,,147.32.84.191,00:00:00:00:00:01,7,147.32.96.69,,7,,1066,1,,,Botnet
154,0,ICMP,,147.32.84.164,00:00:00:00:00:01,7,147.32.96.69,,7,,78,1,,,LEGITIMATE
155,0,ICMP,,147.32.84.191,00:00:00:00:00:01,7,147.32.96.69,,7,,1066,1,,,Botnet
156,0,TCP,,112.200.189.228,00:00:00:00:00:01,16152,147.32.84.59,,43087,,116,2,,,Background
157,55.043,TCP,,147.32.86.186,00:00:00:00:00:01,5445,209.85.149.189,,443,,7984,17,,,LEGITIMATE
158,0.001,UDP,,94.50.102.218,00:00:00:00:00:01,16481,147.32.86.116,,19083,,456,3,,,Background
159,59.997,TCP,,88.86.102.50,00:00:00:00:00:01,5223,147.32.84.118,,60573,,760,6,,,Background
160,0.009,TCP,,147.32.85.26,00:00:00:00:00:01,65478,74.125.232.219,,80,,162,3,,,LEGITIMATE
161,31.84,UDP,,147.32.86.116,00:00:00:00:00:01,19083,80.175.9.25,,46563,,998,7,,,Background
162,0,UDP,,210.161.16.231,00:00:00:00:00:01,8163,147.32.84.229,,13363,,135,2,,,Background
163,0,UDP,,149.13.32.75,00:00:00:00:00:01,33033,147.32.84.229,,13363,,243,2,,,Background
164,0,UDP,,119.236.69.125,00:00:00:00:00:01,45978,147.32.86.116,,19083,,136,2,,,Background
165,0.001,UDP,,95.42.39.0,00:00:00:00:00:01,56925,147.32.84.229,,13363,,128,2,,,Background
166,0.334,UDP,,147.32.84.229,00:00:00:00:00:01,13363,221.24.64.24,,1539,,249,2,,,Background
167,21.867,UDP,,147.32.84.229,00:00:00:00:00:01,13363,145.97.212.60,,7926,,518,4,,,Background
168,0.033,UDP,,147.32.84.229,00:00:00:00:00:01,13363,78.23.237.8,,62308,,242,2,,,Background
169,0.174,UDP,,147.32.84.229,00:00:00:00:00:01,13363,64.6.4.14,,56316,,132,2,,,Background
170,0.067,UDP,,147.32.84.229,00:00:00:00:00:01,13363,84.38.184.4,,49341,,136,2,,,Background
171,0.166,UDP,,130.89.51.130,00:00:00:00:00:01,12210,147.32.84.229,,13363,,274,2,,,Background
172,2.791,TCP,,211.101.37.85,00:00:00:00:00:01,44364,147.32.84.2,,21,,1290,14,,,Background
173,0,UDP,,74.88.251.19,00:00:00:00:00:01,3657,147.32.86.116,,443,,128,2,,,Background
174,0,ICMP,,147.32.84.191,00:00:00:00:00:01,7,147.32.96.69,,7,,1066,1,,,Botnet
175,0,ICMP,,147.32.84.191,00:00:00:00:00:01,7,147.32.96.69,,7,,1066,1,,,Botnet
176,0,ICMP,,147.32.84.191,00:00:00:00:00:01,7,147.32.96.69,,7,,1066,1,,,Botnet
177,0,ICMP,,147.32.84.191,00:00:00:00:00:01,7,147.32.96.69,,7,,1066,1,,,Botnet
178,0,ICMP,,147.32.84.191,00:00:00:00:00:01,7,147.32.96.69,,7,,1066,1,,,Botnet
179,0,ICMP,,147.32.84.191,00:00:00:00:00:01,7,147.32.96.69,,7,,1066,1,,,Botnet
180,0,ICMP,,147.32.84.191,00:00:00:00:00:01,7,147.32.96.69,,7,,1066,1,,,Botnet
181,0,ICMP,,147.32.84.191,00:00:00:00:00:01,7,147.32.96.69,,7,,1066,1,,,Botnet
182,0,ICMP,,147.32.84.191,00:00:00:00:00:01,7,147.32.96.69,,7,,1066,1,,,Botnet
183,0,ICMP,,147.32.84.191,00:00:00:00:00:01,7,147.32.96.69,,7,,1066,1,,,Botnet
184,0,ICMP,,147.32.84.191,00:00:00:00:00:01,7,147.32.96.69,,7,,1066,1,,,Botnet
185,0,ICMP,,147.32.84.191,00:00:00:00:00:01,7,147.32.96.69,,7,,1066,1,,,Botnet
186,0,ICMP,,147.32.84.191,00:00:00:00:00:01,7,147.32.96.69,,7,,1066,1,,,Botnet
187,0,ICMP,,147.32.84.191,00:00:00:00:00:01,7,147.32.96.69,,7,,1066,1,,,Botnet
188,0,ICMP,,147.32.84.191,00:00:00:00:00:01,7,147.32.96.69,,7,,1066,1,,,Botnet
189,0,ICMP,,147.32.84.191,00:00:00:00:00:01,7,147.32.96.69,,7,,1066,1,,,Botnet
190,0,ICMP,,147.32.84.191,00:00:00:00:00:01,7,147.32.96.69,,7,,1066,1,,,Botnet
191,0,ICMP,,147.32.84.191,00:00:00:00:00:01,7,147.32.96.69,,7,,1066,1,,,Botnet
192,0,ICMP,,147.32.84.191,00:00:00:00:00:01,7,147.32.96.69,,7,,1066,1,,,Botnet
193,0,ICMP,,147.32.84.191,00:00:00:00:00:01,7,147.32.96.69,,7,,1066,1,,,Botnet
194,0,ICMP,,147.32.84.191,00:00:00:00:00:01,7,147.32.96.69,,7,,1066,1,,,Botnet
195,0,ICMP,,147.32.84.191,00:00:00:00:00:01,7,147.32.96.69,,7,,1066,1,,,Botnet
196,0,ICMP,,147.32.84.191,00:00:00:00:00:01,7,147.32.96.69,,7,,1066,1,,,Botnet
197,0,ICMP,,147.32.84.191,00:00:00:00:00:01,7,147.32.96.69,,7,,1066,1,,,Botnet
198,0,ICMP,,147.32.84.191,00:00:00:00:00:01,7,147.32.96.69,,7,,1066,1,,,Botnet
199,0,ICMP,,147.32.84.191,00:00:00:00:00:01,7,147.32.96.69,,7,,1066,1,,,Botnet
200,34.025,TCP,,147.32.85.8,00:00:00:00:00:01,49326,69.171.242.13,,80,,396,6,,,Background
201,45.195,TCP,,147.32.85.8,00:00:00:00:00:01,49328,69.171.242.13,,80,,264,4,,,Background
202,45.203,TCP,,147.32.85.8,00:00:00:00:00:01,49329,69.171.242.13,,80,,264,4,,,Background
203,30.454,TCP,,147.32.85.8,00:00:00:00:00:01,43320,195.113.232.82,,80,,330,5,,,Background
204,30.582,TCP,,147.32.85.8,00:00:00:00:00:01,43321,195.113.232.82,,80,,330,5,,,Background
205,0,UDP,,82.38.97.41,00:00:00:00:00:01,47450,147.32.84.229,,13363,,158,2,,,Background
206,0,TCP,,212.96.177.3,00:00:00:00:00:01,4811,147.32.84.229,,13363,,54,1,,,Background
207,0.246,TCP,,147.32.86.116,00:00:00:00:00:01,19083,77.67.32.167,,48507,,214,3,,,Background
208,0.019,TCP,,147.32.86.111,00:00:00:00:00:01,5856,216.137.61.153,,80,,162,3,,,Background
209,14.986,TCP,,147.32.84.59,00:00:00:00:00:01,54623,74.125.232.195,,80,,396,6,,,LEGITIMATE
210,0,ICMP,,147.32.84.59,00:00:00:00:00:01,7,87.195.69.39,,7,,100,1,,,Background
211,0,UDP,,87.126.244.97,00:00:00:00:00:01,61670,147.32.86.116,,19083,,133,2,,,Background
212,0,UDP,,85.222.21.208,00:00:00:00:00:01,17165,147.32.84.229,,13363,,134,2,,,Background
213,0,UDP,,80.188.192.125,00:00:00:00:00:01,62687,147.32.84.229,,13363,,262,2,,,Background
214,0,UDP,,147.32.84.138,00:00:00:00:00:01,55235,147.32.80.9,,53,,214,2,,,Background
215,0,UDP,,147.32.84.138,00:00:00:00:00:01,41402,147.32.80.9,,53,,214,2,,,Background
216,0,UDP,,147.32.84.138,00:00:00:00:00:01,52761,147.32.80.9,,53,,214,2,,,Background
217,0,UDP,,147.32.84.138,00:00:00:00:00:01,52342,147.32.80.9,,53,,214,2,,,Background
218,0,UDP,,147.32.84.138,00:00:00:00:00:01,42309,147.32.80.9,,53,,214,2,,,Background
219,0,UDP,,147.32.84.138,00:00:00:00:00:01,46217,147.32.80.9,,53,,214,2,,,Background
220,0,UDP,,147.32.84.138,00:00:00:00:00:01,43800,147.32.80.9,,53,,214,2,,,Background
221,0,UDP,,147.32.84.170,00:00:00:00:00:01,49319,147.32.80.9,,53,,244,2,,,LEGITIMATE
222,0,UDP,,147.32.84.170,00:00:00:00:00:01,57820,147.32.80.9,,53,,280,2,,,LEGITIMATE
223,0,UDP,,147.32.84.138,00:00:00:00:00:01,49109,147.32.80.9,,53,,214,2,,,Background
224,0.243,TCP,,147.32.84.170,00:00:00:00:00:01,48161,195.24.233.55,,80,,1219,10,,,LEGITIMATE
225,0,UDP,,147.32.84.138,00:00:00:00:00:01,42999,147.32.80.9,,53,,214,2,,,Background
226,0,UDP,,147.32.84.138,00:00:00:00:00:01,33871,147.32.80.9,,53,,214,2,,,Background
227,0,UDP,,147.32.84.138,00:00:00:00:00:01,51597,147.32.80.9,,53,,214,2,,,Background
228,0,UDP,,123.22.154.103,00:00:00:00:00:01,49511,147.32.86.116,,19083,,139,2,,,Background
229,0,UDP,,94.190.193.12,00:00:00:00:00:01,54420,147.32.86.116,,19083,,134,2,,,Background
230,9.134,TCP,,138.48.16.244,00:00:00:00:00:01,54981,147.32.84.229,,13363,,1336,15,,,Background
231,0,UDP,,68.193.96.43,00:00:00:00:00:01,11440,147.32.84.229,,13363,,545,3,,,Background
232,55.036,TCP,,88.86.102.50,00:00:00:00:00:01,5222,147.32.86.77,,52326,,956,10,,,Background
233,54.291,TCP,,147.32.84.229,00:00:00:00:00:01,13363,194.228.143.168,,16516,,1461,12,,,Background
234,35.543,UDP,,147.32.84.229,00:00:00:00:00:01,13363,219.70.216.224,,29134,,276,4,,,Background
235,56.053,UDP,,147.32.84.229,00:00:00:00:00:01,13363,173.176.121.117,,36513,,408,6,,,Background
236,38.576,TCP,,205.188.10.202,00:00:00:00:00:01,443,147.32.84.59,,47822,,10652,59,,,Background
237,0.005,UDP,,87.118.158.7,00:00:00:00:00:01,31871,147.32.86.116,,19083,,464,3,,,Background
238,0,TCP,,147.32.86.44,00:00:00:00:00:01,3143,147.32.80.13,,3128,,216,4,,,LEGITIMATE
239,0,UDP,,147.32.84.138,00:00:00:00:00:01,60501,147.32.80.9,,53,,214,2,,,Background
240,0.255,TCP,,147.32.84.59,00:00:00:00:00:01,51437,147.32.192.34,,993,,980,11,,,Background
241,16.216,TCP,,83.36.201.62,00:00:00:00:00:01,19345,147.32.86.116,,80,,402,7,,,Background
242,0.004,UDP,,124.108.233.105,00:00:00:00:00:01,34635,147.32.84.201,,59847,,128,2,,,Background
243,0,UDP,,117.65.192.16,00:00:00:00:00:01,1546,147.32.86.116,,19083,,135,2,,,Background
244,0,UDP,,147.32.84.79,00:00:00:00:00:01,60107,147.32.80.9,,53,,331,2,,,Background
245,0,UDP,,178.175.103.103,00:00:00:00:00:01,2513,147.32.86.116,,19083,,213,2,,,Background
246,0,UDP,,147.32.84.59,00:00:00:00:00:01,57049,147.32.80.105,,53,,581,2,,,Background
247,10.021,TCP,,147.32.84.59,00:00:00:00:00:01,50573,74.125.232.239,,443,,3575,14,,,LEGITIMATE
248,28.255,TCP,,147.32.85.24,00:00:00:00:00:01,42066,145.36.215.180,,80,,177783,243,,,Background
249,0.001,UDP,,31.203.169.168,00:00:00:00:00:01,27764,147.32.86.116,,19083,,135,2,,,Background
250,0,UDP,,147.32.84.79,00:00:00:00:00:01,57869,147.32.80.9,,53,,331,2,,,Background
251,0.002,UDP,,77.93.29.58,00:00:00:00:00:01,34773,147.32.84.229,,13363,,686,2,,,Background
252,0,UDP,,195.76.98.5,00:00:00:00:00:01,34593,147.32.84.229,,13363,,255,2,,,Background
253,0.016,TCP,,147.32.84.59,00:00:00:00:00:01,35150,81.171.72.12,,3653,,128,2,,,Background
254,0.041,TCP,,147.32.86.116,00:00:00:00:00:01,19083,77.59.251.2,,17354,,821,4,,,Background
255,30.919,UDP,,87.197.98.249,00:00:00:00:00:01,9693,147.32.84.229,,13363,,266,4,,,Background
256,0.003,UDP,,188.246.71.62,00:00:00:00:00:01,7728,147.32.84.229,,13363,,240,2,,,Background
257,0.197,TCP,,147.32.86.186,00:00:00:00:00:01,5486,74.125.232.206,,443,,2829,14,,,LEGITIMATE
258,0.081,UDP,,147.32.84.229,00:00:00:00:00:01,13363,89.117.129.125,,55247,,133,2,,,Background
259,2.205,TCP,,66.249.66.250,00:00:00:00:00:01,60478,147.32.86.92,,80,,1552,10,,,Background
260,0,UDP,,80.250.5.50,00:00:00:00:00:01,17725,147.32.84.229,,13363,,235,2,,,Background
261,0,UDP,,50.130.140.99,00:00:00:00:00:01,5834,147.32.86.116,,19083,,146,2,,,Background
262,0.32,TCP,,147.32.84.59,00:00:00:00:00:01,55971,76.13.114.90,,80,,1505,9,,,Background
263,0.297,UDP,,147.32.84.59,00:00:00:00:00:01,19181,187.37.113.235,,51413,,455,2,,,Background
264,1.327,TCP,,147.32.84.59,00:00:00:00:00:01,3168,123.205.163.105,,12047,,670,9,,,Background
265,0,UDP,,173.10.164.133,00:00:00:00:00:01,3175,147.32.84.229,,13363,,243,2,,,Background
266,0,UDP,,89.244.103.141,00:00:00:00:00:01,28662,147.32.84.229,,13363,,238,2,,,Background
267,0.026,TCP,,147.32.84.59,00:00:00:00:00:01,41916,209.85.149.132,,443,,560,7,,,LEGITIMATE
268,0,ICMP,,147.32.84.191,00:00:00:00:00:01,7,147.32.96.69,,7,,1066,1,,,Botnet
269,0,ICMP,,147.32.84.191,00:00:00:00:00:01,7,147.32.96.69,,7,,1066,1,,,Botnet
270,0,ICMP,,147.32.84.191,00:00:00:00:00:01,7,147.32.96.69,,7,,1066,1,,,Botnet
271,0,ICMP,,147.32.84.191,00:00:00:00:00:01,7,147.32.96.69,,7,,1066,1,,,Botnet
272,0,ICMP,,147.32.84.191,00:00:00:00:00:01,7,147.32.96.69,,7,,1066,1,,,Botnet
273,0,ICMP,,147.32.84.191,00:00:00:00:00:01,7,147.32.96.69,,7,,1066,1,,,Botnet
274,0,ICMP,,147.32.84.191,00:00:00:00:00:01,7,147.32.96.69,,7,,1066,1,,,Botnet
275,0,ICMP,,147.32.84.191,00:00:00:00:00:01,7,147.32.96.69,,7,,1066,1,,,Botnet
276,0,ICMP,,147.32.84.191,00:00:00:00:00:01,7,147.32.96.69,,7,,1066,1,,,Botnet
277,0.001,TCP,,147.32.87.3,00:00:00:00:00:01,524,147.32.86.15,,1064,,110,2,,,Background
278,0,ICMP,,147.32.87.1,00:00:00:00:00:01,7,147.32.87.3,,7,,70,1,,,Background
279,0,UDP,,147.32.84.59,00:00:00:00:00:01,19181,120.28.156.148,,50761,,145,1,,,Background
280,0,ICMP,,147.32.84.191,00:00:00:00:00:01,7,147.32.96.69,,7,,1066,1,,,Botnet
281,0,ICMP,,147.32.84.191,00:00:00:00:00:01,7,147.32.96.69,,7,,1066,1,,,Botnet
282,0,ICMP,,147.32.84.191,00:00:00:00:00:01,7,147.32.96.69,,7,,1066,1,,,Botnet
283,0,ICMP,,147.32.84.191,00:00:00:00:00:01,7,147.32.96.69,,7,,1066,1,,,Botnet
284,0,ICMP,,147.32.84.191,00:00:00:00:00:01,7,147.32.96.69,,7,,1066,1,,,Botnet
285,0,ICMP,,147.32.84.191,00:00:00:00:00:01,7,147.32.96.69,,7,,1066,1,,,Botnet
286,0,ICMP,,147.32.84.164,00:00:00:00:00:01,7,147.32.96.69,,7,,78,1,,,LEGITIMATE
287,0,ICMP,,147.32.84.191,00:00:00:00:00:01,7,147.32.96.69,,7,,1066,1,,,Botnet
288,0,ICMP,,147.32.84.191,00:00:00:00:00:01,7,147.32.96.69,,7,,1066,1,,,Botnet
289,0,ICMP,,147.32.84.191,00:00:00:00:00:01,7,147.32.96.69,,7,,1066,1,,,Botnet
290,0,ICMP,,147.32.84.191,00:00:00:00:00:01,7,147.32.96.69,,7,,1066,1,,,Botnet
291,0,ICMP,,147.32.84.191,00:00:00:00:00:01,7,147.32.96.69,,7,,1066,1,,,Botnet
292,0,ICMP,,147.32.84.191,00:00:00:00:00:01,7,147.32.96.69,,7,,1066,1,,,Botnet
293,0.897,TCP,,78.109.15.79,00:00:00:00:00:01,38904,147.32.84.229,,80,,1713,15,,,Background
294,0.429,TCP,,85.69.240.251,00:00:00:00:00:01,60576,147.32.84.229,,13363,,1068,11,,,Background
295,0.245,TCP,,147.32.86.111,00:00:00:00:00:01,2280,212.161.8.6,,12350,,172,3,,,Background
296,43.404,TCP,,77.167.43.213,00:00:00:00:00:01,1123,147.32.84.229,,13363,,1508,19,,,Background
297,30.233,TCP,,137.248.135.74,00:00:00:00:00:01,54210,147.32.84.59,,56259,,578,10,,,Background
298,0,UDP,,147.32.84.138,00:00:00:00:00:01,34298,147.32.80.9,,53,,214,2,,,Background
299,0,UDP,,147.32.84.138,00:00:00:00:00:01,35815,147.32.80.9,,53,,214,2,,,Background
300,0.009,TCP,,147.32.85.26,00:00:00:00:00:01,65479,74.125.232.219,,80,,162,3,,,LEGITIMATE
301,0.016,TCP,,147.32.85.26,00:00:00:00:00:01,65480,74.125.232.219,,80,,162,3,,,LEGITIMATE
302,0,UDP,,77.87.38.216,00:00:00:00:00:01,53471,147.32.86.116,,19083,,136,2,,,Background
303,0.001,UDP,,203.200.226.40,00:00:00:00:00:01,6358,147.32.84.229,,13363,,243,2,,,Background
304,0,UDP,,212.25.60.195,00:00:00:00:00:01,21784,147.32.84.229,,13363,,240,2,,,Background
305,0,UDP,,68.80.225.79,00:00:00:00:00:01,38601,147.32.86.116,,19083,,135,2,,,Background
306,0.478,UDP,,147.32.84.59,00:00:00:00:00:01,19181,82.137.72.33,,31801,,474,2,,,Background
307,2.991,UDP,,147.32.84.59,00:00:00:00:00:01,19181,77.39.77.1,,62988,,290,2,,,Background
308,0.247,UDP,,147.32.84.59,00:00:00:00:00:01,19181,66.74.153.71,,39884,,474,2,,,Background
309,3.058,UDP,,147.32.84.59,00:00:00:00:00:01,19181,78.92.88.251,,19719,,948,4,,,Background
310,0,UDP,,87.180.42.93,00:00:00:00:00:01,53760,147.32.84.229,,13363,,565,2,,,Background
311,0,ICMP,,147.32.84.191,00:00:00:00:00:01,7,147.32.96.69,,7,,1066,1,,,Botnet
312,0,ICMP,,147.32.84.191,00:00:00:00:00:01,7,147.32.96.69,,7,,1066,1,,,Botnet
313,0,ICMP,,147.32.84.191,00:00:00:00:00:01,7,147.32.96.69,,7,,1066,1,,,Botnet
314,0,ICMP,,147.32.84.191,00:00:00:00:00:01,7,147.32.96.69,,7,,1066,1,,,Botnet
315,0,ICMP,,147.32.84.191,00:00:00:00:00:01,7,147.32.96.69,,7,,1066,1,,,Botnet
316,0,ICMP,,147.32.84.191,00:00:00:00:00:01,7,147.32.96.69,,7,,1066,1,,,Botnet
317,0,ICMP,,147.32.84.191,00:00:00:00:00:01,7,147.32.96.69,,7,,1066,1,,,Botnet
318,0,ICMP,,147.32.84.191,00:00:00:00:00:01,7,147.32.96.69,,7,,1066,1,,,Botnet
319,0,ICMP,,147.32.84.164,00:00:00:00:00:01,7,147.32.96.69,,7,,78,1,,,LEGITIMATE
320,0,ICMP,,147.32.84.191,00:00:00:00:00:01,7,147.32.96.69,,7,,1066,1,,,Botnet
321,0,ICMP,,147.32.84.191,00:00:00:00:00:01,7,147.32.96.69,,7,,1066,1,,,Botnet
322,0,ICMP,,147.32.84.191,00:00:00:00:00:01,7,147.32.96.69,,7,,1066,1,,,Botnet
323,0,ICMP,,147.32.84.191,00:00:00:00:00:01,7,147.32.96.69,,7,,1066,1,,,Botnet
324,0,ICMP,,147.32.84.191,00:00:00:00:00:01,7,147.32.96.69,,7,,1066,1,,,Botnet
325,0,ICMP,,147.32.84.191,00:00:00:00:00:01,7,147.32.96.69,,7,,1066,1,,,Botnet
326,0,ICMP,,147.32.84.191,00:00:00:00:00:01,7,147.32.96.69,,7,,1066,1,,,Botnet
327,0,ICMP,,147.32.84.191,00:00:00:00:00:01,7,147.32.96.69,,7,,1066,1,,,Botnet
328,2.911,TCP,,147.32.84.118,00:00:00:00:00:01,3005,87.9.169.43,,6881,,124,2,,,Background
329,35.62,TCP,,147.32.84.229,00:00:00:00:00:01,13363,88.171.0.246,,49333,,4937,57,,,Background
330,42.118,TCP,,147.32.86.116,00:00:00:00:00:01,19083,77.67.32.15,,51727,,700,7,,,Background
331,45.387,TCP,,147.32.84.189,00:00:00:00:00:01,59923,140.211.11.131,,80,,264,4,,,Background
332,45.387,TCP,,147.32.84.189,00:00:00:00:00:01,59924,140.211.11.131,,80,,264,4,,,Background
333,24.85,TCP,,192.100.130.228,00:00:00:00:00:01,55731,147.32.84.229,,443,,5906,41,,,Background
334,23.181,TCP,,147.32.84.229,00:00:00:00:00:01,13363,91.196.142.242,,51362,,1137,10,,,Background
335,0.024,UDP,,147.32.87.37,00:00:00:00:00:01,42164,147.32.86.96,,514,,3270,20,,,Background
336,48.141,TCP,,86.141.146.107,00:00:00:00:00:01,52344,147.32.84.229,,443,,2253,23,,,Background
337,0.256,TCP,,77.67.32.9,00:00:00:00:00:01,50451,147.32.86.116,,19083,,214,3,,,Background
338,0,UDP,,88.196.176.116,00:00:00:00:00:01,50565,147.32.84.59,,63550,,148,1,,,Background
339,0,ICMP,,147.32.84.59,00:00:00:00:00:01,7,88.196.176.116,,7,,176,1,,,Background
340,0,ICMP,,147.32.84.191,00:00:00:00:00:01,7,147.32.96.69,,7,,1066,1,,,Botnet
341,0,ICMP,,147.32.84.164,00:00:00:00:00:01,7,147.32.96.69,,7,,78,1,,,LEGITIMATE
342,0,ICMP,,147.32.84.191,00:00:00:00:00:01,7,147.32.96.69,,7,,1066,1,,,Botnet
343,0,ICMP,,147.32.84.191,00:00:00:00:00:01,7,147.32.96.69,,7,,1066,1,,,Botnet
344,0,ICMP,,147.32.84.191,00:00:00:00:00:01,7,147.32.96.69,,7,,1066,1,,,Botnet
345,0,ICMP,,147.32.84.191,00:00:00:00:00:01,7,147.32.96.69,,7,,1066,1,,,Botnet
346,0,ICMP,,147.32.84.191,00:00:00:00:00:01,7,147.32.96.69,,7,,1066,1,,,Botnet
347,0,ICMP,,147.32.84.191,00:00:00:00:00:01,7,147.32.96.69,,7,,1066,1,,,Botnet
348,0,ICMP,,147.32.84.191,00:00:00:00:00:01,7,147.32.96.69,,7,,1066,1,,,Botnet
349,0.186,TCP,,147.32.85.124,00:00:00:00:00:01,60942,67.221.174.61,,443,,109,2,,,Background
350,0,ICMP,,147.32.84.191,00:00:00:00:00:01,7,147.32.96.69,,7,,1066,1,,,Botnet
351,0,ICMP,,147.32.84.191,00:00:00:00:00:01,7,147.32.96.69,,7,,1066,1,,,Botnet
352,0,ICMP,,147.32.84.164,00:00:00:00:00:01,7,147.32.96.69,,7,,78,1,,,LEGITIMATE
353,0,ICMP,,147.32.84.191,00:00:00:00:00:01,7,147.32.96.69,,7,,1066,1,,,Botnet
354,0,ICMP,,147.32.84.191,00:00:00:00:00:01,7,147.32.96.69,,7,,1066,1,,,Botnet
355,0,ICMP,,147.32.84.191,00:00:00:00:00:01,7,147.32.96.69,,7,,1066,1,,,Botnet
356,0,ICMP,,147.32.84.191,00:00:00:00:00:01,7,147.32.96.69,,7,,1066,1,,,Botnet
357,0,ICMP,,147.32.84.191,00:00:00:00:00:01,7,147.32.96.69,,7,,1066,1,,,Botnet
358,59.862,TCP,,196.201.51.20,00:00:00:00:00:01,40675,147.32.84.229,,13363,,202,3,,,Background
359,30.002,TCP,,147.32.84.59,00:00:00:00:00:01,58861,88.86.102.50,,5222,,970,6,,,Background
360,59.912,TCP,,147.32.84.229,00:00:00:00:00:01,13363,80.188.117.94,,15995,,423,3,,,Background
361,0,TCP,,86.46.81.36,00:00:00:00:00:01,62798,147.32.84.118,,6881,,116,2,,,Background
362,0,TCP,,147.32.3.51,00:00:00:00:00:01,4454,147.32.84.46,,10010,,116,2,,,Background
363,0,TCP,,89.170.143.150,00:00:00:00:00:01,50789,147.32.84.118,,6881,,116,2,,,Background
364,8.999,TCP,,147.32.85.26,00:00:00:00:00:01,49199,188.175.24.223,,44444,,194,3,,,Background
365,59.996,TCP,,79.93.182.236,00:00:00:00:00:01,64311,147.32.84.229,,13363,,956,4,,,Background
366,59.962,TCP,,95.146.216.46,00:00:00:00:00:01,51482,147.32.84.229,,13363,,1184,5,,,Background
367,0.202,TCP,,212.24.152.53,00:00:00:00:00:01,62788,147.32.84.229,,13363,,528,3,,,Background
368,0.201,UDP,,75.140.80.112,00:00:00:00:00:01,15451,147.32.84.229,,13363,,136,2,,,Background
369,45.028,TCP,,147.32.84.189,00:00:00:00:00:01,35499,74.125.232.223,,80,,264,4,,,LEGITIMATE
370,45.021,TCP,,147.32.84.189,00:00:00:00:00:01,35500,74.125.232.223,,80,,264,4,,,LEGITIMATE
371,45.021,TCP,,147.32.84.189,00:00:00:00:00:01,35501,74.125.232.223,,80,,264,4,,,LEGITIMATE
372,45.021,TCP,,147.32.84.189,00:00:00:00:00:01,35502,74.125.232.223,,80,,264,4,,,LEGITIMATE
373,45.021,TCP,,147.32.84.189,00:00:00:00:00:01,35503,74.125.232.223,,80,,264,4,,,LEGITIMATE
374,45.02,TCP,,147.32.84.189,00:00:00:00:00:01,35504,74.125.232.223,,80,,264,4,,,LEGITIMATE
375,0,UDP,,83.40.52.5,00:00:00:00:00:01,14570,147.32.86.116,,19083,,137,2,,,Background
376,41.009,UDP,,68.45.139.1,00:00:00:00:00:01,62881,147.32.84.59,,19181,,792,11,,,Background
377,41.009,ICMP,,147.32.84.59,00:00:00:00:00:01,7,68.45.139.1,,7,,1100,11,,,Background
378,0.334,TCP,,147.32.84.59,00:00:00:00:00:01,55967,76.13.114.90,,80,,1509,9,,,Background
379,0,UDP,,137.219.49.156,00:00:00:00:00:01,5010,147.32.86.116,,19083,,144,2,,,Background
380,0.001,UDP,,96.19.217.164,00:00:00:00:00:01,41260,147.32.84.229,,13363,,614,2,,,Background
381,0.425,UDP,,147.32.84.59,00:00:00:00:00:01,19181,123.237.123.140,,57312,,474,2,,,Background
382,0.001,UDP,,151.64.135.194,00:00:00:00:00:01,11038,147.32.84.229,,13363,,130,2,,,Background
383,0.423,UDP,,193.84.86.2,00:00:00:00:00:01,31964,147.32.84.229,,13363,,242,2,,,Background
384,23.989,TCP,,200.19.160.1,00:00:00:00:00:01,60387,147.32.84.2,,80,,15093,27,,,Background
385,0,UDP,,147.32.85.25,00:00:00:00:00:01,49466,147.32.80.9,,53,,208,2,,,Background
386,0,UDP,,147.32.85.25,00:00:00:00:00:01,54757,147.32.80.9,,53,,207,2,,,Background
387,0,UDP,,147.32.84.138,00:00:00:00:00:01,60752,147.32.80.9,,53,,214,2,,,Background
388,0,UDP,,71.1.240.1,00:00:00:00:00:01,12842,147.32.84.59,,63550,,145,1,,,Background
389,0,ICMP,,147.32.84.59,00:00:00:00:00:01,7,71.1.240.1,,7,,173,1,,,Background
390,0,ICMP,,147.32.84.191,00:00:00:00:00:01,7,147.32.96.69,,7,,1066,1,,,Botnet
391,0,TCP,,147.32.85.85,00:00:00:00:00:01,21283,65.49.11.19,,80,,112,2,,,Background
392,0,ICMP,,147.32.84.191,00:00:00:00:00:01,7,147.32.96.69,,7,,1066,1,,,Botnet
393,0,ICMP,,147.32.84.191,00:00:00:00:00:01,7,147.32.96.69,,7,,1066,1,,,Botnet
394,0,ICMP,,147.32.84.191,00:00:00:00:00:01,7,147.32.96.69,,7,,1066,1,,,Botnet
395,0,ICMP,,147.32.84.191,00:00:00:00:00:01,7,147.32.96.69,,7,,1066,1,,,Botnet
396,0,ICMP,,147.32.84.191,00:00:00:00:00:01,7,147.32.96.69,,7,,1066,1,,,Botnet
397,0,ICMP,,147.32.84.191,00:00:00:00:00:01,7,147.32.96.69,,7,,1066,1,,,Botnet
398,0,ICMP,,147.32.84.164,00:00:00:00:00:01,7,147.32.96.69,,7,,78,1,,,LEGITIMATE
399,0,ICMP,,147.32.84.191,00:00:00:00:00:01,7,147.32.96.69,,7,,1066,1,,,Botnet
400,0,ICMP,,147.32.84.191,00:00:00:00:00:01,7,147.32.96.69,,7,,1066,1,,,Botnet
401,0,ICMP,,147.32.84.191,00:00:00:00:00:01,7,147.32.96.69,,7,,1066,1,,,Botnet
402,0,ICMP,,147.32.84.191,00:00:00:00:00:01,7,147.32.96.69,,7,,1066,1,,,Botnet
403,0,ICMP,,147.32.84.191,00:00:00:00:00:01,7,147.32.96.69,,7,,1066,1,,,Botnet
404,0,ICMP,,147.32.84.191,00:00:00:00:00:01,7,147.32.96.69,,7,,1066,1,,,Botnet
405,0,ICMP,,147.32.84.191,00:00:00:00:00:01,7,147.32.96.69,,7,,1066,1,,,Botnet
406,0,ICMP,,147.32.84.191,00:00:00:00:00:01,7,147.32.96.69,,7,,1066,1,,,Botnet
407,0,ICMP,,147.32.84.191,00:00:00:00:00:01,7,147.32.96.69,,7,,1066,1,,,Botnet
408,0,ICMP,,147.32.84.164,00:00:00:00:00:01,7,147.32.96.69,,7,,78,1,,,LEGITIMATE
409,0,ICMP,,147.32.84.191,00:00:00:00:00:01,7,147.32.96.69,,7,,1066,1,,,Botnet
410,0.008,TCP,,147.32.85.26,00:00:00:00:00:01,65508,74.125.232.195,,80,,162,3,,,LEGITIMATE
411,0.219,TCP,,87.97.140.181,00:00:00:00:00:01,4812,147.32.84.229,,13363,,871,3,,,Background
412,0,UDP,,147.32.84.138,00:00:00:00:00:01,49011,147.32.80.9,,53,,214,2,,,Background
413,16.909,UDP,,147.32.86.116,00:00:00:00:00:01,19083,71.239.98.86,,13498,,929,6,,,Background
414,0.377,TCP,,134.76.63.49,00:00:00:00:00:01,1046,147.32.84.229,,13363,,722,5,,,Background
415,0,UDP,,115.178.24.227,00:00:00:00:00:01,37957,147.32.86.116,,19083,,174,2,,,Background
416,1.978,UDP,,189.162.88.173,00:00:00:00:00:01,59066,147.32.86.116,,19083,,1072,4,,,Background
417,0,UDP,,96.24.25.99,00:00:00:00:00:01,37276,147.32.86.116,,443,,128,2,,,Background
418,0,UDP,,96.24.25.99,00:00:00:00:00:01,37276,147.32.86.116,,19083,,142,2,,,Background
419,0,UDP,,2.97.215.185,00:00:00:00:00:01,10170,147.32.84.229,,13363,,238,2,,,Background
420,3.983,UDP,,69.196.163.87,00:00:00:00:00:01,58723,147.32.84.59,,19181,,432,6,,,Background
421,3.983,ICMP,,147.32.84.59,00:00:00:00:00:01,7,69.196.163.87,,7,,600,6,,,Background
422,0.08,TCP,,147.32.80.7,00:00:00:00:00:01,48872,147.32.85.34,,25,,9656,27,,,Background
423,0,UDP,,147.32.85.34,00:00:00:00:00:01,64590,147.32.80.9,,53,,322,2,,,Background
424,0,UDP,,147.32.85.34,00:00:00:00:00:01,51380,147.32.80.9,,53,,323,2,,,Background
425,0,UDP,,147.32.85.34,00:00:00:00:00:01,55600,147.32.80.9,,53,,294,2,,,Background
426,0,UDP,,147.32.85.34,00:00:00:00:00:01,58990,147.32.80.9,,53,,250,2,,,Background
427,0,UDP,,147.32.85.34,00:00:00:00:00:01,53515,147.32.80.9,,53,,296,2,,,Background
428,0.99,TCP,,90.5.222.98,00:00:00:00:00:01,51963,147.32.84.229,,80,,220,4,,,Background
429,19.901,TCP,,116.255.146.79,00:00:00:00:00:01,1153,147.32.84.162,,3389,,12398,95,,,Background
430,0,UDP,,147.32.84.79,00:00:00:00:00:01,32884,147.32.80.9,,53,,331,2,,,Background
431,0,ICMP,,147.32.87.49,00:00:00:00:00:01,7,147.32.86.96,,7,,196,2,,,Background
432,0,UDP,,213.146.167.46,00:00:00:00:00:01,28094,147.32.84.229,,13363,,584,2,,,Background
433,0,UDP,,61.114.210.240,00:00:00:00:00:01,57085,147.32.84.229,,13363,,132,2,,,Background
434,0.389,UDP,,147.32.84.59,00:00:00:00:00:01,19181,180.194.195.68,,32546,,464,2,,,Background
435,0.777,UDP,,147.32.84.59,00:00:00:00:00:01,19181,182.53.219.136,,12438,,485,2,,,Background
436,7.697,UDP,,147.32.84.59,00:00:00:00:00:01,19181,178.222.205.22,,11650,,948,4,,,Background
437,7,UDP,,147.32.84.59,00:00:00:00:00:01,19181,14.98.41.213,,26237,,290,2,,,Background
438,7.647,UDP,,147.32.84.59,00:00:00:00:00:01,19181,24.101.230.48,,34193,,948,4,,,Background
439,0.881,TCP,,161.76.137.94,00:00:00:00:00:01,62639,147.32.84.229,,13363,,467,6,,,Background
440,0.966,TCP,,80.161.135.14,00:00:00:00:00:01,64713,147.32.84.229,,13363,,268,4,,,Background
441,0,UDP,,88.168.252.227,00:00:00:00:00:01,49974,147.32.86.116,,19083,,136,2,,,Background
442,0,UDP,,58.19.42.153,00:00:00:00:00:01,22463,147.32.84.229,,13363,,242,2,,,Background
443,0.14,UDP,,147.32.87.238,00:00:00:00:00:01,39371,139.78.147.66,,8289,,135,2,,,Background
444,2.407,UDP,,114.174.120.188,00:00:00:00:00:01,50770,147.32.84.229,,13363,,709,4,,,Background
445,0,UDP,,147.32.86.20,00:00:00:00:00:01,58926,147.32.80.9,,53,,394,2,,,Background
446,0.169,TCP,,147.32.86.20,00:00:00:00:00:01,1877,87.98.230.229,,80,,58233,64,,,Background
447,0.383,UDP,,41.104.72.87,00:00:00:00:00:01,54864,147.32.84.229,,13363,,1078,4,,,Background
448,0,UDP,,217.77.222.181,00:00:00:00:00:01,54279,147.32.84.229,,13363,,133,2,,,Background
449,0.322,UDP,,147.32.84.229,00:00:00:00:00:01,13363,221.127.6.239,,30396,,530,2,,,Background
450,0.26,UDP,,78.83.102.133,00:00:00:00:00:01,28180,147.32.84.229,,13363,,282,2,,,Background
451,0,UDP,,91.192.22.141,00:00:00:00:00:01,52422,147.32.84.229,,13363,,135,2,,,Background
452,0,UDP,,88.100.166.72,00:00:00:00:00:01,26800,147.32.84.229,,13363,,234,2,,,Background
453,0,UDP,,111.94.54.152,00:00:00:00:00:01,32813,147.32.86.116,,443,,128,2,,,Background
454,0,UDP,,147.32.84.138,00:00:00:00:00:01,33328,147.32.80.9,,53,,214,2,,,Background
455,0,UDP,,147.32.84.138,00:00:00:00:00:01,39084,147.32.80.9,,53,,214,2,,,Background
456,0,UDP,,147.32.84.138,00:00:00:00:00:01,57531,147.32.80.9,,53,,214,2,,,Background
457,0,UDP,,147.32.84.138,00:00:00:00:00:01,39568,147.32.80.9,,53,,214,2,,,Background
458,0,UDP,,147.32.84.138,00:00:00:00:00:01,43257,147.32.80.9,,53,,214,2,,,Background
459,0,UDP,,147.32.84.138,00:00:00:00:00:01,36778,147.32.80.9,,53,,214,2,,,Background
460,0,UDP,,147.32.84.138,00:00:00:00:00:01,47481,147.32.80.9,,53,,214,2,,,Background
461,30.974,UDP,,147.32.84.229,00:00:00:00:00:01,13363,98.249.251.85,,25735,,668,6,,,Background
462,0,UDP,,190.161.42.157,00:00:00:00:00:01,26127,147.32.84.229,,13363,,133,2,,,Background
463,0,UDP,,147.32.84.138,00:00:00:00:00:01,49198,147.32.80.9,,53,,214,2,,,Background
464,58.381,TCP,,151.40.73.188,00:00:00:00:00:01,4559,147.32.84.229,,80,,682,10,,,Background
465,59.984,TCP,,147.32.86.116,00:00:00:00:00:01,19083,132.68.247.179,,2125,,650,8,,,Background
466,53.326,TCP,,147.32.84.3,00:00:00:00:00:01,40941,147.32.80.13,,80,,552,6,,,LEGITIMATE
467,46.499,TCP,,74.125.39.125,00:00:00:00:00:01,5222,147.32.84.59,,50566,,509,6,,,Background
468,18.641,UDP,,95.126.12.134,00:00:00:00:00:01,48514,147.32.84.229,,13363,,517,4,,,Background
469,0,UDP,,194.8.147.17,00:00:00:00:00:01,35921,147.32.86.116,,19083,,135,2,,,Background
470,0.001,UDP,,68.100.25.36,00:00:00:00:00:01,10227,147.32.84.229,,13363,,243,2,,,Background
471,0.08,UDP,,147.32.84.59,00:00:00:00:00:01,19181,178.158.64.109,,52783,,464,2,,,Background
472,0,ICMP,,147.32.87.33,00:00:00:00:00:01,7,147.32.86.96,,7,,196,2,,,Background
473,0.002,UDP,,173.18.173.46,00:00:00:00:00:01,62299,147.32.86.116,,19083,,525,2,,,Background
474,0,UDP,,78.188.213.132,00:00:00:00:00:01,19133,147.32.84.229,,13363,,132,2,,,Background
475,0.777,UDP,,147.32.84.59,00:00:00:00:00:01,19181,218.209.58.246,,62038,,474,2,,,Background
476,0.211,UDP,,147.32.84.229,00:00:00:00:00:01,13363,201.210.137.161,,17870,,142,2,,,Background
477,0,UDP,,147.32.84.2,00:00:00:00:00:01,46271,147.32.80.9,,53,,231,2,,,Background
478,0,UDP,,208.68.51.246,00:00:00:00:00:01,63616,147.32.86.116,,19083,,139,2,,,Background
479,0,ICMP,,147.32.84.191,00:00:00:00:00:01,7,147.32.96.69,,7,,1066,1,,,Botnet
480,0,ICMP,,147.32.84.191,00:00:00:00:00:01,7,147.32.96.69,,7,,1066,1,,,Botnet
481,0,ICMP,,147.32.84.191,00:00:00:00:00:01,7,147.32.96.69,,7,,1066,1,,,Botnet
482,0,ICMP,,147.32.84.191,00:00:00:00:00:01,7,147.32.96.69,,7,,1066,1,,,Botnet
483,0,ICMP,,147.32.84.191,00:00:00:00:00:01,7,147.32.96.69,,7,,1066,1,,,Botnet
484,0,ICMP,,147.32.84.191,00:00:00:00:00:01,7,147.32.96.69,,7,,1066,1,,,Botnet
485,0,ICMP,,147.32.84.191,00:00:00:00:00:01,7,147.32.96.69,,7,,1066,1,,,Botnet
486,0,ICMP,,147.32.84.191,00:00:00:00:00:01,7,147.32.96.69,,7,,1066,1,,,Botnet
487,0,ICMP,,147.32.84.191,00:00:00:00:00:01,7,147.32.96.69,,7,,1066,1,,,Botnet
488,0,ICMP,,147.32.84.191,00:00:00:00:00:01,7,147.32.96.69,,7,,1066,1,,,Botnet
489,0,ICMP,,147.32.84.191,00:00:00:00:00:01,7,147.32.96.69,,7,,1066,1,,,Botnet
490,0,ICMP,,147.32.84.191,00:00:00:00:00:01,7,147.32.96.69,,7,,1066,1,,,Botnet
491,0,ICMP,,147.32.84.191,00:00:00:00:00:01,7,147.32.96.69,,7,,1066,1,,,Botnet
492,0,ICMP,,147.32.84.191,00:00:00:00:00:01,7,147.32.96.69,,7,,1066,1,,,Botnet
493,0,ICMP,,147.32.84.191,00:00:00:00:00:01,7,147.32.96.69,,7,,1066,1,,,Botnet
494,0,ICMP,,147.32.84.191,00:00:00:00:00:01,7,147.32.96.69,,7,,1066,1,,,Botnet
495,0,ICMP,,147.32.84.191,00:00:00:00:00:01,7,147.32.96.69,,7,,1066,1,,,Botnet
496,0,ICMP,,147.32.84.191,00:00:00:00:00:01,7,147.32.96.69,,7,,1066,1,,,Botnet
497,0,ICMP,,147.32.84.191,00:00:00:00:00:01,7,147.32.96.69,,7,,1066,1,,,Botnet
498,0,ICMP,,147.32.84.191,00:00:00:00:00:01,7,147.32.96.69,,7,,1066,1,,,Botnet
499,0,ICMP,,147.32.84.191,00:00:00:00:00:01,7,147.32.96.69,,7,,1066,1,,,Botnet
500,0,ICMP,,147.32.84.191,00:00:00:00:00:01,7,147.32.96.69,,7,,1066,1,,,Botnet
501,0,ICMP,,147.32.84.191,00:00:00:00:00:01,7,147.32.96.69,,7,,1066,1,,,Botnet
502,0,TCP,,89.170.143.150,00:00:00:00:00:01,50789,147.32.84.118,,6881,,116,2,,,Background
503,59.998,TCP,,128.178.137.5,00:00:00:00:00:01,59811,147.32.84.229,,13363,,1689,6,,,Background
504,8.915,TCP,,147.32.84.118,00:00:00:00:00:01,3000,72.172.53.139,,6881,,186,3,,,Background
505,0.209,TCP,,207.46.124.42,00:00:00:00:00:01,80,147.32.86.122,,35549,,3357,5,,,Background
506,0,TCP,,81.137.228.245,00:00:00:00:00:01,54841,147.32.84.59,,43087,,116,2,,,Background
507,0,ICMP,,147.32.84.191,00:00:00:00:00:01,7,147.32.96.69,,7,,1066,1,,,Botnet
508,0,ICMP,,147.32.84.191,00:00:00:00:00:01,7,147.32.96.69,,7,,1066,1,,,Botnet
509,0,ICMP,,147.32.84.191,00:00:00:00:00:01,7,147.32.96.69,,7,,1066,1,,,Botnet
510,0,ICMP,,147.32.84.191,00:00:00:00:00:01,7,147.32.96.69,,7,,1066,1,,,Botnet
511,0,ICMP,,147.32.84.191,00:00:00:00:00:01,7,147.32.96.69,,7,,1066,1,,,Botnet
512,0,ICMP,,147.32.84.191,00:00:00:00:00:01,7,147.32.96.69,,7,,1066,1,,,Botnet
513,0,ICMP,,147.32.84.191,00:00:00:00:00:01,7,147.32.96.69,,7,,1066,1,,,Botnet
514,0,ICMP,,147.32.84.191,00:00:00:00:00:01,7,147.32.96.69,,7,,1066,1,,,Botnet
515,0,ICMP,,147.32.84.191,00:00:00:00:00:01,7,147.32.96.69,,7,,1066,1,,,Botnet
516,0,ICMP,,147.32.84.191,00:00:00:00:00:01,7,147.32.96.69,,7,,1066,1,,,Botnet
517,0,ICMP,,147.32.84.191,00:00:00:00:00:01,7,147.32.96.69,,7,,1066,1,,,Botnet
518,0,ICMP,,147.32.84.191,00:00:00:00:00:01,7,147.32.96.69,,7,,1066,1,,,Botnet
519,0,ICMP,,147.32.84.191,00:00:00:00:00:01,7,147.32.96.69,,7,,1066,1,,,Botnet
520,0,ICMP,,147.32.84.191,00:00:00:00:00:01,7,147.32.96.69,,7,,1066,1,,,Botnet
521,0,ICMP,,147.32.84.164,00:00:00:00:00:01,7,147.32.96.69,,7,,78,1,,,LEGITIMATE
522,0,UDP,,192.168.88.195,00:00:00:00:00:01,58976,192.168.95.255,,1947,,82,1,,,Background
523,0,ICMP,,147.32.84.191,00:00:00:00:00:01,7,147.32.96.69,,7,,1066,1,,,Botnet
524,0,ICMP,,147.32.84.191,00:00:00:00:00:01,7,147.32.96.69,,7,,1066,1,,,Botnet
525,0,ICMP,,147.32.84.191,00:00:00:00:00:01,7,147.32.96.69,,7,,1066,1,,,Botnet
526,0,ICMP,,147.32.84.191,00:00:00:00:00:01,7,147.32.96.69,,7,,1066,1,,,Botnet
527,0,ICMP,,147.32.84.191,00:00:00:00:00:01,7,147.32.96.69,,7,,1066,1,,,Botnet
528,0,ICMP,,147.32.84.191,00:00:00:00:00:01,7,147.32.96.69,,7,,1066,1,,,Botnet
529,59.987,UDP,,147.32.84.59,00:00:00:00:00:01,19146,128.178.78.132,,51180,,1462069,6998,,,Background
530,0,TCP,,89.170.143.150,00:00:00:00:00:01,50789,147.32.84.118,,6881,,116,2,,,Background
531,43.822,TCP,,205.188.8.253,00:00:00:00:00:01,443,147.32.84.164,,58187,,6575,27,,,Background
532,0.171,TCP,,147.32.86.44,00:00:00:00:00:01,1103,212.161.8.6,,12350,,172,3,,,Background
533,0.024,TCP,,147.32.86.111,00:00:00:00:00:01,5858,209.85.149.141,,80,,162,3,,,LEGITIMATE
534,0.246,TCP,,213.146.167.25,00:00:00:00:00:01,59681,147.32.86.116,,19083,,280,4,,,Background
535,0.034,TCP,,147.32.87.245,00:00:00:00:00:01,64157,147.32.192.34,,993,,1136,12,,,Background
536,0.107,TCP,,147.32.80.13,00:00:00:00:00:01,80,147.32.86.184,,49757,,640,3,,,LEGITIMATE
537,0,ICMP,,147.32.84.191,00:00:00:00:00:01,7,147.32.96.69,,7,,1066,1,,,Botnet
538,0,ICMP,,147.32.84.191,00:00:00:00:00:01,7,147.32.96.69,,7,,1066,1,,,Botnet
539,0,ICMP,,147.32.84.191,00:00:00:00:00:01,7,147.32.96.69,,7,,1066,1,,,Botnet
540,0,ICMP,,147.32.84.191,00:00:00:00:00:01,7,147.32.96.69,,7,,1066,1,,,Botnet
541,0,ICMP,,147.32.84.191,00:00:00:00:00:01,7,147.32.96.69,,7,,1066,1,,,Botnet
542,0,ICMP,,147.32.84.191,00:00:00:00:00:01,7,147.32.96.69,,7,,1066,1,,,Botnet
543,0,ICMP,,147.32.84.191,00:00:00:00:00:01,7,147.32.96.69,,7,,1066,1,,,Botnet
544,0,ICMP,,147.32.84.191,00:00:00:00:00:01,7,147.32.96.69,,7,,1066,1,,,Botnet
545,0,ICMP,,147.32.84.191,00:00:00:00:00:01,7,147.32.96.69,,7,,1066,1,,,Botnet
546,0,ICMP,,147.32.84.191,00:00:00:00:00:01,7,147.32.96.69,,7,,1066,1,,,Botnet
547,0,ICMP,,147.32.84.191,00:00:00:00:00:01,7,147.32.96.69,,7,,1066,1,,,Botnet
548,0,ICMP,,147.32.84.191,00:00:00:00:00:01,7,147.32.96.69,,7,,1066,1,,,Botnet
549,0,ICMP,,147.32.84.191,00:00:00:00:00:01,7,147.32.96.69,,7,,1066,1,,,Botnet
550,0,ICMP,,147.32.84.164,00:00:00:00:00:01,7,147.32.96.69,,7,,78,1,,,LEGITIMATE
551,0,ICMP,,147.32.84.191,00:00:00:00:00:01,7,147.32.96.69,,7,,1066,1,,,Botnet
552,0,ICMP,,147.32.84.191,00:00:00:00:00:01,7,147.32.96.69,,7,,1066,1,,,Botnet
553,0,ICMP,,147.32.84.191,00:00:00:00:00:01,7,147.32.96.69,,7,,1066,1,,,Botnet
554,0,ICMP,,147.32.84.191,00:00:00:00:00:01,7,147.32.96.69,,7,,1066,1,,,Botnet
555,0,ICMP,,147.32.84.191,00:00:00:00:00:01,7,147.32.96.69,,7,,1066,1,,,Botnet
556,0,ICMP,,147.32.84.191,00:00:00:00:00:01,7,147.32.96.69,,7,,1066,1,,,Botnet
557,0,ICMP,,147.32.84.191,00:00:00:00:00:01,7,147.32.96.69,,7,,1066,1,,,Botnet
558,0,ICMP,,147.32.84.191,00:00:00:00:00:01,7,147.32.96.69,,7,,1066,1,,,Botnet
559,0,ICMP,,147.32.84.191,00:00:00:00:00:01,7,147.32.96.69,,7,,1066,1,,,Botnet
560,0,ICMP,,147.32.84.191,00:00:00:00:00:01,7,147.32.96.69,,7,,1066,1,,,Botnet
561,0,ICMP,,147.32.84.191,00:00:00:00:00:01,7,147.32.96.69,,7,,1066,1,,,Botnet
562,0,ICMP,,147.32.84.191,00:00:00:00:00:01,7,147.32.96.69,,7,,1066,1,,,Botnet
563,0,ICMP,,147.32.84.191,00:00:00:00:00:01,7,147.32.96.69,,7,,1066,1,,,Botnet
564,0,ICMP,,147.32.84.191,00:00:00:00:00:01,7,147.32.96.69,,7,,1066,1,,,Botnet
565,0,ICMP,,147.32.84.191,00:00:00:00:00:01,7,147.32.96.69,,7,,1066,1,,,Botnet
566,0,ICMP,,147.32.84.191,00:00:00:00:00:01,7,147.32.96.69,,7,,1066,1,,,Botnet
567,0,ICMP,,147.32.84.191,00:00:00:00:00:01,7,147.32.96.69,,7,,1066,1,,,Botnet
568,3.063,TCP,,147.32.84.118,00:00:00:00:00:01,3007,92.28.233.63,,6881,,124,2,,,Background
569,59.386,TCP,,195.113.180.82,00:00:00:00:00:01,55121,147.32.84.229,,443,,4716,57,,,Background
570,59.983,UDP,,195.91.110.64,00:00:00:00:00:01,52059,147.32.85.56,,44076,,274239,2737,,,Background
571,59.984,UDP,,147.32.85.56,00:00:00:00:00:01,44076,81.19.46.234,,47432,,265471,2674,,,Background
572,44.664,TCP,,217.112.162.197,00:00:00:00:00:01,33093,147.32.84.229,,13363,,4309,38,,,Background
573,20.991,TCP,,147.32.84.59,00:00:00:00:00:01,3191,85.166.203.208,,45259,,312,4,,,Background
574,0.195,UDP,,147.32.84.229,00:00:00:00:00:01,13363,178.47.91.252,,11706,,535,3,,,Background
575,3.927,UDP,,147.32.84.59,00:00:00:00:00:01,19181,175.197.5.126,,39329,,528,6,,,Background
576,0,UDP,,147.32.85.25,00:00:00:00:00:01,56794,147.32.80.9,,53,,208,2,,,Background
577,0,UDP,,147.32.85.25,00:00:00:00:00:01,50311,147.32.80.9,,53,,207,2,,,Background
578,0.105,UDP,,147.32.84.229,00:00:00:00:00:01,13363,129.49.67.73,,2445,,221,2,,,Background
579,0.069,UDP,,147.32.86.116,00:00:00:00:00:01,19083,46.188.6.38,,27652,,247,2,,,Background
580,0.096,UDP,,147.32.86.116,00:00:00:00:00:01,19083,109.197.196.208,,43181,,141,2,,,Background
581,44.836,UDP,,147.32.84.229,00:00:00:00:00:01,13363,131.114.58.94,,7655,,377,4,,,Background
582,0,UDP,,212.59.24.176,00:00:00:00:00:01,61693,147.32.84.229,,13363,,135,2,,,Background
583,0.058,UDP,,147.32.84.229,00:00:00:00:00:01,13363,82.66.216.1,,50249,,258,2,,,Background
584,54.708,TCP,,147.32.86.110,00:00:00:00:00:01,57844,78.141.181.52,,443,,2885,26,,,Background
585,0.001,UDP,,82.72.1.82,00:00:00:00:00:01,64154,147.32.86.116,,19083,,464,3,,,Background
586,55.322,TCP,,87.194.68.131,00:00:00:00:00:01,49262,147.32.84.111,,5938,,344,6,,,Background
587,0.09,TCP,,90.181.84.58,00:00:00:00:00:01,54515,147.32.84.19,,993,,201,2,,,Background
588,52.646,TCP,,147.32.85.118,00:00:00:00:00:01,49256,147.251.27.201,,45129,,1101,9,,,Background
589,1.349,UDP,,192.166.145.21,00:00:00:00:00:01,1708,147.32.84.229,,13363,,326,4,,,Background
590,0.001,UDP,,206.248.164.213,00:00:00:00:00:01,13160,147.32.84.229,,13363,,513,2,,,Background
591,0,UDP,,72.27.11.211,00:00:00:00:00:01,49944,147.32.84.229,,13363,,136,2,,,Background
592,0.365,UDP,,147.32.86.116,00:00:00:00:00:01,19083,61.227.190.252,,59679,,138,2,,,Background
593,0.339,UDP,,147.32.86.116,00:00:00:00:00:01,19083,220.136.80.203,,36717,,138,2,,,Background
594,0,UDP,,147.32.85.34,00:00:00:00:00:01,50340,147.32.80.9,,53,,210,2,,,Background
595,0,UDP,,147.32.85.34,00:00:00:00:00:01,57452,147.32.80.9,,53,,240,2,,,Background
596,0,UDP,,116.224.127.29,00:00:00:00:00:01,40460,147.32.86.116,,19083,,139,2,,,Background
597,0,UDP,,87.110.34.81,00:00:00:00:00:01,39205,147.32.84.229,,13363,,135,2,,,Background
598,12.167,UDP,,147.32.84.229,00:00:00:00:00:01,13363,85.130.98.242,,42938,,3156,6,,,Background
599,0,UDP,,78.153.156.236,00:00:00:00:00:01,37881,147.32.86.116,,19083,,161,2,,,Background
600,0,UDP,,88.119.157.172,00:00:00:00:00:01,7972,147.32.85.56,,44076,,128,2,,,Background
601,0,ICMP,,147.32.84.164,00:00:00:00:00:01,7,147.32.96.69,,7,,156,2,,,LEGITIMATE
602,0,UDP,,95.69.215.53,00:00:00:00:00:01,24787,147.32.84.229,,13363,,544,3,,,Background
603,0,ICMP,,147.32.84.191,00:00:00:00:00:01,7,147.32.96.69,,7,,1066,1,,,Botnet
604,0,ICMP,,147.32.84.191,00:00:00:00:00:01,7,147.32.96.69,,7,,1066,1,,,Botnet
605,0,ICMP,,147.32.84.164,00:00:00:00:00:01,7,147.32.96.69,,7,,78,1,,,LEGITIMATE
606,0.119,TCP,,147.32.84.229,00:00:00:00:00:01,443,92.251.255.13,,53409,,134,2,,,Background
607,0,ICMP,,147.32.84.191,00:00:00:00:00:01,7,147.32.96.69,,7,,1066,1,,,Botnet
608,0,ICMP,,147.32.84.191,00:00:00:00:00:01,7,147.32.96.69,,7,,1066,1,,,Botnet
609,0,ICMP,,147.32.84.191,00:00:00:00:00:01,7,147.32.96.69,,7,,1066,1,,,Botnet
610,0,ICMP,,147.32.84.191,00:00:00:00:00:01,7,147.32.96.69,,7,,1066,1,,,Botnet
611,0,ICMP,,147.32.84.191,00:00:00:00:00:01,7,147.32.96.69,,7,,1066,1,,,Botnet
612,0,ICMP,,147.32.84.191,00:00:00:00:00:01,7,147.32.96.69,,7,,1066,1,,,Botnet
613,0,ICMP,,147.32.84.191,00:00:00:00:00:01,7,147.32.96.69,,7,,1066,1,,,Botnet
614,0,ICMP,,147.32.84.191,00:00:00:00:00:01,7,147.32.96.69,,7,,1066,1,,,Botnet
615,0,ICMP,,147.32.84.191,00:00:00:00:00:01,7,147.32.96.69,,7,,1066,1,,,Botnet
616,59.976,TCP,,147.32.80.13,00:00:00:00:00:01,80,147.32.87.223,,55716,,1059886,1561,,,LEGITIMATE
617,0,ICMP,,147.32.84.191,00:00:00:00:00:01,7,147.32.96.69,,7,,1066,1,,,Botnet
618,0,ICMP,,147.32.84.191,00:00:00:00:00:01,7,147.32.96.69,,7,,1066,1,,,Botnet
619,0,ICMP,,147.32.84.191,00:00:00:00:00:01,7,147.32.96.69,,7,,1066,1,,,Botnet
620,0,UDP,,147.32.84.59,00:00:00:00:00:01,19181,213.243.131.156,,42196,,145,1,,,Background
621,0,UDP,,147.32.84.59,00:00:00:00:00:01,19181,93.88.51.137,,59825,,145,1,,,Background
622,0,UDP,,147.32.84.59,00:00:00:00:00:01,19181,213.189.162.168,,27065,,145,1,,,Background
623,0,ICMP,,147.32.84.191,00:00:00:00:00:01,7,147.32.96.69,,7,,1066,1,,,Botnet
624,0,ICMP,,147.32.84.191,00:00:00:00:00:01,7,147.32.96.69,,7,,1066,1,,,Botnet
625,0,ICMP,,147.32.84.191,00:00:00:00:00:01,7,147.32.96.69,,7,,1066,1,,,Botnet
626,0,ICMP,,147.32.84.191,00:00:00:00:00:01,7,147.32.96.69,,7,,1066,1,,,Botnet
627,0,ICMP,,147.32.84.164,00:00:00:00:00:01,7,147.32.96.69,,7,,78,1,,,LEGITIMATE
628,0,ICMP,,147.32.84.191,00:00:00:00:00:01,7,147.32.96.69,,7,,1066,1,,,Botnet
629,0,ICMP,,147.32.84.191,00:00:00:00:00:01,7,147.32.96.69,,7,,1066,1,,,Botnet
630,0,ICMP,,147.32.84.191,00:00:00:00:00:01,7,147.32.96.69,,7,,1066,1,,,Botnet
631,0,ICMP,,147.32.84.191,00:00:00:00:00:01,7,147.32.96.69,,7,,1066,1,,,Botnet
632,0,ICMP,,147.32.84.191,00:00:00:00:00:01,7,147.32.96.69,,7,,1066,1,,,Botnet
633,0,ICMP,,147.32.84.191,00:00:00:00:00:01,7,147.32.96.69,,7,,1066,1,,,Botnet
634,0,TCP,,147.32.84.59,00:00:00:00:00:01,3162,186.214.125.40,,36627,,78,1,,,Background
635,0,ICMP,,147.32.84.191,00:00:00:00:00:01,7,147.32.96.69,,7,,1066,1,,,Botnet
636,0,ICMP,,147.32.84.191,00:00:00:00:00:01,7,147.32.96.69,,7,,1066,1,,,Botnet
637,0,ICMP,,147.32.84.191,00:00:00:00:00:01,7,147.32.96.69,,7,,1066,1,,,Botnet
638,16.461,TCP,,147.32.85.24,00:00:00:00:00:01,42067,145.36.215.180,,80,,289999,360,,,Background
639,10.703,TCP,,147.32.85.24,00:00:00:00:00:01,42068,145.36.215.180,,80,,156381,205,,,Background
640,27.818,TCP,,147.32.85.24,00:00:00:00:00:01,42069,145.36.215.180,,80,,286865,387,,,Background
641,0,UDP,,74.65.143.155,00:00:00:00:00:01,42485,147.32.84.229,,13363,,137,2,,,Background
642,0,UDP,,90.195.255.130,00:00:00:00:00:01,47600,147.32.84.229,,13363,,243,2,,,Background
643,27.888,TCP,,147.32.85.24,00:00:00:00:00:01,42070,145.36.215.180,,80,,181317,232,,,Background
644,10.578,UDP,,93.183.156.146,00:00:00:00:00:01,25610,147.32.86.116,,19083,,1333,10,,,Background
645,0,UDP,,147.32.84.79,00:00:00:00:00:01,34370,147.32.80.9,,53,,331,2,,,Background
646,0,UDP,,147.32.85.89,00:00:00:00:00:01,44852,147.32.80.9,,53,,204,2,,,Background
647,26.543,UDP,,124.110.103.17,00:00:00:00:00:01,50983,147.32.86.116,,19083,,941,6,,,Background
648,26.445,UDP,,114.150.248.185,00:00:00:00:00:01,6919,147.32.86.116,,19083,,974,6,,,Background
649,51.154,UDP,,147.32.84.229,00:00:00:00:00:01,13363,119.242.88.219,,16399,,408,6,,,Background
650,51.208,UDP,,147.32.84.229,00:00:00:00:00:01,13363,124.191.4.149,,33890,,414,6,,,Background
651,0,UDP,,147.32.84.138,00:00:00:00:00:01,41514,147.32.80.9,,53,,214,2,,,Background
652,0,UDP,,195.70.143.160,00:00:00:00:00:01,25380,147.32.84.229,,13363,,243,2,,,Background
653,0,UDP,,147.32.84.138,00:00:00:00:00:01,47398,147.32.80.9,,53,,214,2,,,Background
654,0,UDP,,147.32.84.138,00:00:00:00:00:01,38618,147.32.80.9,,53,,214,2,,,Background
655,0,UDP,,147.32.84.94,00:00:00:00:00:01,36949,147.32.80.9,,53,,400,2,,,Background
656,45.097,TCP,,147.32.84.94,00:00:00:00:00:01,53627,209.85.148.105,,443,,5691,21,,,LEGITIMATE
657,0.001,UDP,,208.88.186.4,00:00:00:00:00:01,34004,147.32.84.229,,13363,,326,2,,,Background
658,0,UDP,,58.5.46.48,00:00:00:00:00:01,45888,147.32.84.229,,13363,,134,2,,,Background
659,0.028,UDP,,78.141.179.8,00:00:00:00:00:01,34023,147.32.84.229,,13363,,268,2,,,Background
660,0,ICMP,,147.32.84.164,00:00:00:00:00:01,7,147.32.96.69,,7,,156,2,,,LEGITIMATE
661,0,UDP,,220.109.17.126,00:00:00:00:00:01,53819,147.32.84.229,,13363,,134,2,,,Background
662,0.116,UDP,,147.32.84.229,00:00:00:00:00:01,13363,87.10.239.242,,59758,,530,2,,,Background
663,0.043,UDP,,147.32.84.229,00:00:00:00:00:01,13363,178.158.157.137,,56335,,530,2,,,Background
664,11.089,TCP,,147.32.84.68,00:00:00:00:00:01,64381,178.162.32.115,,11043,,14067,126,,,Background
665,1.104,TCP,,147.32.84.68,00:00:00:00:00:01,64382,178.155.161.251,,27446,,1277,17,,,Background
666,1.108,TCP,,147.32.84.68,00:00:00:00:00:01,64383,178.159.168.41,,19077,,1337,18,,,Background
667,0,UDP,,134.93.43.135,00:00:00:00:00:01,7379,147.32.84.229,,13363,,239,2,,,Background
668,0.24,TCP,,147.32.84.118,00:00:00:00:00:01,2966,78.81.36.248,,6881,,1057,11,,,Background
669,2.396,UDP,,77.127.144.51,00:00:00:00:00:01,32180,147.32.84.229,,13363,,484,4,,,Background
670,0.5,TCP,,41.136.162.105,00:00:00:00:00:01,49787,147.32.84.229,,13363,,600,3,,,Background
671,0,TCP,,147.32.84.229,00:00:00:00:00:01,13363,192.162.96.53,,23186,,54,1,,,Background
672,0,TCP,,85.117.21.249,00:00:00:00:00:01,1038,147.32.84.229,,13363,,54,1,,,Background
673,0.022,TCP,,147.32.85.26,00:00:00:00:00:01,65482,74.125.232.207,,80,,162,3,,,LEGITIMATE
674,0,UDP,,147.32.84.138,00:00:00:00:00:01,41805,147.32.80.9,,53,,214,2,,,Background
675,0.586,UDP,,193.52.200.80,00:00:00:00:00:01,47662,147.32.84.229,,13363,,271,2,,,Background
676,0.267,UDP,,147.32.84.59,00:00:00:00:00:01,19181,71.197.119.8,,31587,,474,2,,,Background
677,0.003,UDP,,178.26.42.15,00:00:00:00:00:01,41107,147.32.84.229,,13363,,237,2,,,Background
678,0,UDP,,212.87.32.10,00:00:00:00:00:01,61362,147.32.84.229,,13363,,134,2,,,Background
679,0,UDP,,190.26.118.81,00:00:00:00:00:01,21893,147.32.84.229,,13363,,137,2,,,Background
680,0,UDP,,213.94.198.5,00:00:00:00:00:01,8607,147.32.84.229,,13363,,562,2,,,Background
681,0.415,UDP,,93.79.191.109,00:00:00:00:00:01,15192,147.32.86.116,,19083,,352,4,,,Background
682,0.001,UDP,,67.168.136.89,00:00:00:00:00:01,3902,147.32.86.116,,19083,,133,2,,,Background
683,0.256,TCP,,147.32.84.162,00:00:00:00:00:01,59924,147.32.80.13,,80,,3220,8,,,LEGITIMATE
684,0,UDP,,217.24.68.232,00:00:00:00:00:01,11093,147.32.84.229,,13363,,135,2,,,Background
685,17.017,TCP,,147.32.86.186,00:00:00:00:00:01,5489,74.125.232.204,,443,,3915,15,,,LEGITIMATE
686,0,UDP,,87.96.238.209,00:00:00:00:00:01,32670,147.32.84.229,,13363,,537,2,,,Background
687,0.329,UDP,,147.32.84.229,00:00:00:00:00:01,13363,140.130.13.138,,26304,,118,2,,,Background
688,0,UDP,,147.32.84.138,00:00:00:00:00:01,43528,147.32.80.9,,53,,214,2,,,Background
689,0,UDP,,147.32.84.138,00:00:00:00:00:01,44622,147.32.80.9,,53,,214,2,,,Background
690,0,ICMP,,147.32.84.164,00:00:00:00:00:01,7,147.32.96.69,,7,,156,2,,,LEGITIMATE
691,0,UDP,,147.32.84.138,00:00:00:00:00:01,59998,147.32.80.9,,53,,214,2,,,Background
692,0,UDP,,147.32.84.138,00:00:00:00:00:01,57913,147.32.80.9,,53,,214,2,,,Background
693,0,UDP,,147.32.84.138,00:00:00:00:00:01,43125,147.32.80.9,,53,,214,2,,,Background
694,0,UDP,,147.32.84.138,00:00:00:00:00:01,37293,147.32.80.9,,53,,214,2,,,Background
695,0,UDP,,147.32.84.138,00:00:00:00:00:01,43517,147.32.80.9,,53,,214,2,,,Background
696,0,UDP,,213.192.67.82,00:00:00:00:00:01,43126,147.32.84.229,,13363,,132,2,,,Background
697,0,UDP,,147.32.84.138,00:00:00:00:00:01,37493,147.32.80.9,,53,,214,2,,,Background
698,0,UDP,,147.32.84.138,00:00:00:00:00:01,49243,147.32.80.9,,53,,214,2,,,Background
699,0,UDP,,147.32.84.138,00:00:00:00:00:01,52295,147.32.80.9,,53,,214,2,,,Background
700,0.342,TCP,,147.32.84.162,00:00:00:00:00:01,59926,147.32.80.13,,80,,11146,14,,,LEGITIMATE
701,0,ICMP,,147.32.84.191,00:00:00:00:00:01,7,147.32.96.69,,7,,1066,1,,,Botnet
702,0,ICMP,,147.32.84.191,00:00:00:00:00:01,7,147.32.96.69,,7,,1066,1,,,Botnet
703,0,ICMP,,147.32.84.191,00:00:00:00:00:01,7,147.32.96.69,,7,,1066,1,,,Botnet
704,0,ICMP,,147.32.84.191,00:00:00:00:00:01,7,147.32.96.69,,7,,1066,1,,,Botnet
705,0,ICMP,,147.32.84.191,00:00:00:00:00:01,7,147.32.96.69,,7,,1066,1,,,Botnet
706,0,ICMP,,147.32.84.191,00:00:00:00:00:01,7,147.32.96.69,,7,,1066,1,,,Botnet
707,0,ICMP,,147.32.84.191,00:00:00:00:00:01,7,147.32.96.69,,7,,1066,1,,,Botnet
708,0,ICMP,,147.32.84.191,00:00:00:00:00:01,7,147.32.96.69,,7,,1066,1,,,Botnet
709,0,ICMP,,147.32.84.164,00:00:00:00:00:01,7,147.32.96.69,,7,,78,1,,,LEGITIMATE
710,0,ICMP,,147.32.84.191,00:00:00:00:00:01,7,147.32.96.69,,7,,1066,1,,,Botnet
711,0,ICMP,,147.32.84.191,00:00:00:00:00:01,7,147.32.96.69,,7,,1066,1,,,Botnet
712,0,ICMP,,147.32.84.191,00:00:00:00:00:01,7,147.32.96.69,,7,,1066,1,,,Botnet
713,0,ICMP,,147.32.84.191,00:00:00:00:00:01,7,147.32.96.69,,7,,1066,1,,,Botnet
714,0,ICMP,,147.32.84.191,00:00:00:00:00:01,7,147.32.96.69,,7,,1066,1,,,Botnet
715,0,ICMP,,147.32.84.191,00:00:00:00:00:01,7,147.32.96.69,,7,,1066,1,,,Botnet
716,0,ICMP,,147.32.84.191,00:00:00:00:00:01,7,147.32.96.69,,7,,1066,1,,,Botnet
717,0,ICMP,,147.32.84.191,00:00:00:00:00:01,7,147.32.96.69,,7,,1066,1,,,Botnet
718,0,TCP,,151.52.204.79,00:00:00:00:00:01,50777,147.32.84.229,,13363,,110,2,,,Background
719,0,ICMP,,147.32.84.191,00:00:00:00:00:01,7,147.32.96.69,,7,,1066,1,,,Botnet
720,0,ICMP,,147.32.84.191,00:00:00:00:00:01,7,147.32.96.69,,7,,1066,1,,,Botnet
721,0,ICMP,,147.32.84.191,00:00:00:00:00:01,7,147.32.96.69,,7,,1066,1,,,Botnet
722,0,ICMP,,147.32.84.164,00:00:00:00:00:01,7,147.32.96.69,,7,,78,1,,,LEGITIMATE
723,0,ICMP,,147.32.84.191,00:00:00:00:00:01,7,147.32.96.69,,7,,1066,1,,,Botnet
724,0,ICMP,,147.32.84.191,00:00:00:00:00:01,7,147.32.96.69,,7,,1066,1,,,Botnet
725,59.992,TCP,,88.135.63.7,00:00:00:00:00:01,63324,147.32.84.229,,13363,,1136,5,,,Background
726,59.882,TCP,,85.71.158.144,00:00:00:00:00:01,50570,147.32.84.229,,13363,,419,3,,,Background
727,59.974,TCP,,74.63.47.82,00:00:00:00:00:01,80,147.32.84.59,,50050,,1014196,1074,,,Background
728,0,UDP,,208.88.186.9,00:00:00:00:00:01,34020,147.32.84.229,,13363,,282,2,,,Background
729,0,ICMP,,147.32.84.191,00:00:00:00:00:01,7,147.32.96.69,,7,,1066,1,,,Botnet
730,0,ICMP,,147.32.84.191,00:00:00:00:00:01,7,147.32.96.69,,7,,1066,1,,,Botnet
731,0,ICMP,,147.32.84.191,00:00:00:00:00:01,7,147.32.96.69,,7,,1066,1,,,Botnet
732,0,ICMP,,147.32.84.191,00:00:00:00:00:01,7,147.32.96.69,,7,,1066,1,,,Botnet
733,0,ICMP,,147.32.84.191,00:00:00:00:00:01,7,147.32.96.69,,7,,1066,1,,,Botnet
734,0,ICMP,,147.32.84.191,00:00:00:00:00:01,7,147.32.96.69,,7,,1066,1,,,Botnet
735,0,ICMP,,147.32.84.191,00:00:00:00:00:01,7,147.32.96.69,,7,,1066,1,,,Botnet
736,0,ICMP,,147.32.84.191,00:00:00:00:00:01,7,147.32.96.69,,7,,1066,1,,,Botnet
737,0,ICMP,,147.32.84.191,00:00:00:00:00:01,7,147.32.96.69,,7,,1066,1,,,Botnet
738,0,ICMP,,147.32.84.191,00:00:00:00:00:01,7,147.32.96.69,,7,,1066,1,,,Botnet
739,0,ICMP,,147.32.84.191,00:00:00:00:00:01,7,147.32.96.69,,7,,1066,1,,,Botnet
740,0,ICMP,,147.32.84.191,00:00:00:00:00:01,7,147.32.96.69,,7,,1066,1,,,Botnet
741,0,ICMP,,147.32.84.191,00:00:00:00:00:01,7,147.32.96.69,,7,,1066,1,,,Botnet
742,0,ICMP,,147.32.84.191,00:00:00:00:00:01,7,147.32.96.69,,7,,1066,1,,,Botnet
743,0,ICMP,,147.32.84.191,00:00:00:00:00:01,7,147.32.96.69,,7,,1066,1,,,Botnet
744,0,ICMP,,147.32.84.191,00:00:00:00:00:01,7,147.32.96.69,,7,,1066,1,,,Botnet
745,0,ICMP,,147.32.84.191,00:00:00:00:00:01,7,147.32.96.69,,7,,1066,1,,,Botnet
746,0,ICMP,,147.32.84.191,00:00:00:00:00:01,7,147.32.96.69,,7,,1066,1,,,Botnet
747,0,ICMP,,147.32.84.191,00:00:00:00:00:01,7,147.32.96.69,,7,,1066,1,,,Botnet
748,0,ICMP,,147.32.84.191,00:00:00:00:00:01,7,147.32.96.69,,7,,1066,1,,,Botnet
749,0,ICMP,,147.32.84.191,00:00:00:00:00:01,7,147.32.96.69,,7,,1066,1,,,Botnet
750,0,ICMP,,147.32.84.191,00:00:00:00:00:01,7,147.32.96.69,,7,,1066,1,,,Botnet
751,0,UDP,,80.213.187.27,00:00:00:00:00:01,41033,147.32.84.59,,63550,,145,1,,,Background
752,0,ICMP,,147.32.84.59,00:00:00:00:00:01,7,80.213.187.27,,7,,173,1,,,Background
753,0,ICMP,,147.32.84.191,00:00:00:00:00:01,7,147.32.96.69,,7,,1066,1,,,Botnet
754,0,ICMP,,147.32.84.191,00:00:00:00:00:01,7,147.32.96.69,,7,,1066,1,,,Botnet
755,0,ICMP,,147.32.84.191,00:00:00:00:00:01,7,147.32.96.69,,7,,1066,1,,,Botnet
756,0,ICMP,,147.32.84.191,00:00:00:00:00:01,7,147.32.96.69,,7,,1066,1,,,Botnet
757,0,ICMP,,147.32.84.191,00:00:00:00:00:01,7,147.32.96.69,,7,,1066,1,,,Botnet
758,0,ICMP,,147.32.84.191,00:00:00:00:00:01,7,147.32.96.69,,7,,1066,1,,,Botnet
759,0,TCP,,81.137.228.245,00:00:00:00:00:01,54841,147.32.84.59,,43087,,116,2,,,Background
760,0,UDP,,24.233.248.195,00:00:00:00:00:01,53349,147.32.84.229,,13363,,135,2,,,Background
761,19.902,UDP,,147.32.85.26,00:00:00:00:00:01,63413,213.180.53.50,,54024,,312,3,,,Background
762,2.342,TCP,,81.44.73.196,00:00:00:00:00:01,1892,147.32.84.229,,13363,,740,5,,,Background
763,40.789,TCP,,147.32.84.170,00:00:00:00:00:01,54939,205.188.11.14,,443,,757,4,,,LEGITIMATE
764,0.024,TCP,,147.32.86.111,00:00:00:00:00:01,5859,209.85.149.141,,80,,162,3,,,LEGITIMATE
765,0.042,TCP,,147.32.86.111,00:00:00:00:00:01,5861,178.236.6.31,,80,,162,3,,,Background
766,45.387,TCP,,147.32.84.189,00:00:00:00:00:01,59933,140.211.11.131,,80,,264,4,,,Background
767,0.401,TCP,,82.233.113.204,00:00:00:00:00:01,1038,147.32.84.229,,13363,,166,3,,,Background
768,0.245,TCP,,147.32.84.59,00:00:00:00:00:01,49738,212.161.8.6,,12350,,172,3,,,Background
769,57.387,TCP,,147.32.84.229,00:00:00:00:00:01,443,195.26.133.165,,31839,,4409,36,,,Background
770,27.256,UDP,,82.229.180.187,00:00:00:00:00:01,25983,147.32.84.229,,13363,,262,4,,,Background
771,14.024,TCP,,147.32.86.186,00:00:00:00:00:01,5487,74.125.232.204,,443,,3910,15,,,LEGITIMATE
772,0,UDP,,61.245.163.41,00:00:00:00:00:01,11084,147.32.86.116,,19083,,135,2,,,Background
773,0,UDP,,95.42.185.104,00:00:00:00:00:01,36215,147.32.84.229,,13363,,241,2,,,Background
774,0.617,UDP,,184.61.57.109,00:00:00:00:00:01,62913,147.32.84.229,,13363,,680,4,,,Background
775,0.004,UDP,,147.32.87.33,00:00:00:00:00:01,123,89.187.142.55,,123,,180,2,,,Background
776,0,UDP,,91.75.243.156,00:00:00:00:00:01,28366,147.32.86.116,,19083,,137,2,,,Background
777,0,ICMP,,147.32.84.164,00:00:00:00:00:01,7,147.32.96.69,,7,,156,2,,,LEGITIMATE
778,0.556,UDP,,147.32.87.48,00:00:00:00:00:01,3525,147.32.87.115,,161,,3668,28,,,Background
779,0.001,UDP,,213.79.86.5,00:00:00:00:00:01,57494,147.32.84.229,,443,,128,2,,,Background
780,55.121,TCP,,147.32.85.8,00:00:00:00:00:01,48603,62.44.1.24,,80,,21096,72,,,Background
781,49.988,UDP,,213.220.224.198,00:00:00:00:00:01,63295,147.32.86.239,,161,,528,5,,,Background
782,0,ICMP,,147.32.84.191,00:00:00:00:00:01,7,147.32.96.69,,7,,1066,1,,,Botnet
783,0,ICMP,,147.32.84.191,00:00:00:00:00:01,7,147.32.96.69,,7,,1066,1,,,Botnet
784,0,ICMP,,147.32.84.191,00:00:00:00:00:01,7,147.32.96.69,,7,,1066,1,,,Botnet
785,0,ICMP,,147.32.84.191,00:00:00:00:00:01,7,147.32.96.69,,7,,1066,1,,,Botnet
786,0,ICMP,,147.32.84.191,00:00:00:00:00:01,7,147.32.96.69,,7,,1066,1,,,Botnet
787,0,ICMP,,147.32.84.191,00:00:00:00:00:01,7,147.32.96.69,,7,,1066,1,,,Botnet
788,0,ICMP,,147.32.84.191,00:00:00:00:00:01,7,147.32.96.69,,7,,1066,1,,,Botnet
789,0,ICMP,,147.32.84.191,00:00:00:00:00:01,7,147.32.96.69,,7,,1066,1,,,Botnet
790,0,ICMP,,147.32.84.191,00:00:00:00:00:01,7,147.32.96.69,,7,,1066,1,,,Botnet
791,0,ICMP,,147.32.84.191,00:00:00:00:00:01,7,147.32.96.69,,7,,1066,1,,,Botnet
792,0,ICMP,,147.32.84.191,00:00:00:00:00:01,7,147.32.96.69,,7,,1066,1,,,Botnet
793,0,ICMP,,147.32.84.191,00:00:00:00:00:01,7,147.32.96.69,,7,,1066,1,,,Botnet
794,0.001,ICMP,,147.32.84.164,00:00:00:00:00:01,7,147.32.96.69,,7,,78,1,,,LEGITIMATE
795,0,TCP,,147.32.86.69,00:00:00:00:00:01,37641,65.49.11.19,,80,,58,1,,,Background
796,0.001,UDP,,208.88.186.10,00:00:00:00:00:01,34026,147.32.84.229,,13363,,299,2,,,Background
797,0,UDP,,111.100.194.126,00:00:00:00:00:01,5401,147.32.84.229,,13363,,597,2,,,Background
798,45.012,TCP,,147.32.84.189,00:00:00:00:00:01,38457,195.113.232.90,,80,,264,4,,,Background
799,0,TCP,,147.32.84.130,00:00:00:00:00:01,48604,46.4.161.227,,5269,,108,2,,,Background
800,0.008,TCP,,147.32.85.26,00:00:00:00:00:01,65509,74.125.232.201,,80,,162,3,,,LEGITIMATE
801,0.008,TCP,,147.32.85.26,00:00:00:00:00:01,65510,74.125.232.201,,80,,162,3,,,LEGITIMATE
802,0.008,TCP,,147.32.85.26,00:00:00:00:00:01,65511,74.125.232.201,,80,,162,3,,,LEGITIMATE
803,0.008,TCP,,147.32.85.26,00:00:00:00:00:01,65512,74.125.232.200,,80,,162,3,,,LEGITIMATE
804,0.008,TCP,,147.32.85.26,00:00:00:00:00:01,65513,74.125.232.194,,80,,162,3,,,LEGITIMATE
805,0.009,TCP,,147.32.85.26,00:00:00:00:00:01,65514,74.125.232.201,,80,,162,3,,,LEGITIMATE
806,0.008,TCP,,147.32.85.26,00:00:00:00:00:01,65515,74.125.232.200,,80,,162,3,,,LEGITIMATE
807,0.008,TCP,,147.32.85.26,00:00:00:00:00:01,65516,74.125.232.200,,80,,162,3,,,LEGITIMATE
808,0.019,TCP,,147.32.85.26,00:00:00:00:00:01,65517,74.125.232.194,,80,,162,3,,,LEGITIMATE
809,0.019,TCP,,147.32.85.26,00:00:00:00:00:01,65518,74.125.232.199,,80,,162,3,,,LEGITIMATE
810,0.019,TCP,,147.32.85.26,00:00:00:00:00:01,65519,74.125.232.199,,80,,162,3,,,LEGITIMATE
811,0.008,TCP,,147.32.85.26,00:00:00:00:00:01,65520,74.125.232.194,,80,,162,3,,,LEGITIMATE
812,0.018,TCP,,147.32.85.26,00:00:00:00:00:01,65521,74.125.232.199,,80,,162,3,,,LEGITIMATE
813,0.018,TCP,,147.32.85.26,00:00:00:00:00:01,65522,74.125.232.194,,80,,162,3,,,LEGITIMATE
814,0.008,TCP,,147.32.85.26,00:00:00:00:00:01,65523,74.125.232.199,,80,,162,3,,,LEGITIMATE
815,0.008,TCP,,147.32.85.26,00:00:00:00:00:01,65524,74.125.232.200,,80,,162,3,,,LEGITIMATE
816,0.008,TCP,,147.32.85.7,00:00:00:00:00:01,46928,74.125.232.205,,80,,198,3,,,LEGITIMATE
817,0.5,UDP,,147.32.86.116,00:00:00:00:00:01,19083,125.225.96.44,,5578,,3183,6,,,Background
818,0,UDP,,66.57.252.57,00:00:00:00:00:01,52297,147.32.84.229,,13363,,136,2,,,Background
819,0.003,TCP,,147.32.85.124,00:00:00:00:00:01,50518,62.24.64.52,,8080,,922,5,,,Background
820,0,UDP,,79.100.114.83,00:00:00:00:00:01,4278,147.32.84.229,,13363,,237,2,,,Background
821,8.205,UDP,,186.176.180.66,00:00:00:00:00:01,21598,147.32.84.229,,13363,,1068,6,,,Background
822,0.008,TCP,,147.32.86.111,00:00:00:00:00:01,5634,74.125.232.199,,80,,162,3,,,LEGITIMATE
823,45.601,UDP,,147.32.96.69,00:00:00:00:00:01,46869,147.32.84.174,,5081,,6024,4,,,Background
824,45.6,UDP,,147.32.96.69,00:00:00:00:00:01,36154,147.32.84.181,,5000,,6024,4,,,Background
825,45.6,ICMP,,147.32.84.174,00:00:00:00:00:01,7,147.32.96.69,,7,,2360,4,,,Background
826,50.921,TCP,,147.32.85.8,00:00:00:00:00:01,39744,209.85.148.104,,80,,2225,7,,,LEGITIMATE
827,0,UDP,,79.47.82.12,00:00:00:00:00:01,54676,147.32.84.229,,13363,,249,2,,,Background
828,0,UDP,,79.173.80.63,00:00:00:00:00:01,24652,147.32.86.116,,19083,,135,2,,,Background
829,0.418,TCP,,147.32.84.118,00:00:00:00:00:01,2967,71.166.46.249,,6881,,1003,10,,,Background
830,0.001,UDP,,109.185.163.87,00:00:00:00:00:01,10233,147.32.86.116,,19083,,308,2,,,Background
831,0.001,UDP,,89.74.196.37,00:00:00:00:00:01,50782,147.32.84.229,,13363,,269,2,,,Background
832,0.567,UDP,,85.115.136.209,00:00:00:00:00:01,60271,147.32.84.229,,13363,,311,2,,,Background
833,0,UDP,,83.156.116.176,00:00:00:00:00:01,53136,147.32.86.116,,19083,,132,2,,,Background
834,0,UDP,,95.135.183.195,00:00:00:00:00:01,28323,147.32.86.116,,443,,128,2,,,Background
835,0.032,UDP,,147.32.84.59,00:00:00:00:00:01,52996,81.232.189.252,,24540,,574,2,,,Background
836,41.383,TCP,,131.111.185.5,00:00:00:00:00:01,54216,147.32.84.229,,13363,,1837,25,,,Background
837,0,UDP,,88.212.46.137,00:00:00:00:00:01,14621,147.32.84.229,,13363,,214,2,,,Background
838,0.009,TCP,,147.32.85.26,00:00:00:00:00:01,65459,74.125.232.200,,80,,162,3,,,LEGITIMATE
839,0,ICMP,,147.32.84.191,00:00:00:00:00:01,7,147.32.96.69,,7,,1066,1,,,Botnet
840,0,ICMP,,147.32.84.191,00:00:00:00:00:01,7,147.32.96.69,,7,,1066,1,,,Botnet
841,0,ICMP,,147.32.84.191,00:00:00:00:00:01,7,147.32.96.69,,7,,1066,1,,,Botnet