id,Durat   ,Prot    ,Source IP,Src Port,Dst Port,Flags , Tos  ,Packets ,Bytes  , Flows  ,Label
1,0.073,TCP,147.32.85.7,37473,80,FSPA_FSPA,0,14,3805,1,Background
2,0,UDP,173.10.110.219,55684,13363,CON,0,2,250,1,Background
3,0.001,UDP,95.132.151.195,14217,13363,CON,0,2,238,1,Background
4,0,UDP,147.32.85.7,45367,53,CON,0,2,266,1,Background
5,0,UDP,147.32.85.7,53196,53,CON,0,2,406,1,Background
6,0.073,TCP,147.32.85.7,56918,80,FSPA_FSPA,0,14,2924,1,Background
7,0,UDP,147.32.85.7,55816,53,CON,0,2,406,1,Background
8,0,UDP,147.32.85.7,37963,53,CON,0,2,406,1,Background
9,0.076,TCP,147.32.85.7,37475,80,FSPA_FSPA,0,14,3547,1,Background
10,0.117,TCP,147.32.85.7,47917,80,FSPA_FSPA,0,16,5260,1,Background
11,0,UDP,147.32.85.7,41340,53,CON,0,2,271,1,Background
12,0,UDP,147.32.85.7,39998,53,CON,0,2,503,1,Background
13,0.031,TCP,147.32.85.7,35139,80,FSPA_FSPA,0,14,4960,1,Background
14,0,UDP,147.32.84.138,33118,53,CON,0,2,214,1,Background
15,0,UDP,147.32.84.138,58437,53,CON,0,2,214,1,Background
16,8.899,TCP,147.32.85.7,37478,80,SPA_FSPA,0,23,8470,1,Background
17,0,UDP,147.32.84.138,48543,53,CON,0,2,214,1,Background
18,0,UDP,147.32.84.138,37578,53,CON,0,2,214,1,Background
19,0,UDP,147.32.84.59,42251,53,CON,0,2,324,1,Background
20,0,UDP,147.32.85.8,39091,53,CON,0,2,214,1,Background
21,0,UDP,147.32.85.7,58509,53,CON,0,2,266,1,Background
22,0,UDP,147.32.85.8,37812,53,CON,0,2,222,1,Background
23,0,UDP,147.32.85.7,43168,53,CON,0,2,406,1,Background
24,0,UDP,147.32.85.8,45842,53,CON,0,2,214,1,Background
25,0.08,TCP,147.32.85.7,56923,80,FSPA_FSPA,0,14,4160,1,Background
26,0,UDP,147.32.85.7,36203,53,CON,0,2,271,1,Background
27,0,UDP,147.32.84.138,51723,53,CON,0,2,214,1,Background
28,0,UDP,147.32.84.138,49648,53,CON,0,2,214,1,Background
29,0.075,TCP,147.32.85.7,47921,80,FSPA_FSPA,0,14,3484,1,Background
30,0.052,TCP,147.32.85.7,57663,80,FSPA_FSPA,0,19,9284,1,Background
31,0,UDP,147.32.84.138,58492,53,CON,0,2,214,1,Background
32,0,UDP,147.32.84.138,48604,53,CON,0,2,214,1,Background
33,0,UDP,147.32.84.138,51542,53,CON,0,2,214,1,Background
34,0,UDP,147.32.84.138,34380,53,CON,0,2,214,1,Background
35,0,UDP,147.32.84.138,40464,53,CON,0,2,214,1,Background
36,0.001,UDP,119.153.74.165,57436,13363,CON,0,2,241,1,Background
37,0.144,UDP,147.32.84.229,13363,63536,CON,0,4,2960,1,Background
38,8.88,TCP,147.32.85.7,37482,80,SPA_FSPA,0,17,6090,1,Background
39,0.43,UDP,92.40.253.202,42014,13363,CON,0,2,274,1,Background
40,0.084,TCP,147.32.85.7,56927,80,FSPA_FSPA,0,15,3840,1,Background
41,0,UDP,147.32.85.7,43684,53,CON,0,2,266,1,Background
42,0,UDP,147.32.85.7,50095,53,CON,0,2,406,1,Background
43,0.117,TCP,147.32.85.7,47925,80,FSPA_FSPA,0,16,5252,1,Background
44,1.374,UDP,199.203.167.33,19441,19083,CON,0,4,351,1,Background
45,0,UDP,83.168.11.248,49851,19083,CON,0,2,544,1,Background
46,0,UDP,147.32.85.7,54255,53,CON,0,2,266,1,Background
47,0,UDP,147.32.85.7,35415,53,CON,0,2,406,1,Background
48,9.072,TCP,147.32.85.7,37485,80,SPA_FSPA,0,13,2858,1,Background
49,0,UDP,217.21.159.107,38448,13363,CON,0,2,243,1,Background
50,0.008,TCP,147.32.86.111,5845,80,FA_FA,0,3,162,1,LEGITIMATE
51,8.856,TCP,147.32.84.118,2977,6881,S_,0,3,186,1,Background
52,2.619,UDP,147.32.86.116,19083,18771,CON,0,6,907,1,Background
53,0,UDP,24.185.92.131,55098,19083,CON,0,2,135,1,Background
54,0.001,UDP,193.158.211.210,55203,13363,CON,0,2,241,1,Background
55,6.108,ICMP,195.113.235.89,7,7,URN,0,2,140,1,Background
56,0.005,UDP,70.63.77.186,23890,19083,CON,0,4,2985,1,Background
57,0.116,UDP,147.32.84.229,13363,25517,CON,0,2,134,1,Background
58,5.241,TCP,147.32.85.26,49184,80,SRPA_FSPA,0,10,1913,1,Background
59,24.226,UDP,147.32.84.229,13363,63011,INT,0,5,870,1,Background
60,23.293,UDP,147.32.84.229,13363,6491,CON,0,6,667,1,Background
61,22.344,UDP,147.32.84.229,13363,34007,CON,0,4,471,1,Background
62,0,UDP,78.25.61.103,54733,13363,CON,0,2,133,1,Background
63,0.183,UDP,81.201.60.145,49418,13363,CON,0,2,258,1,Background
64,59.956,TCP,147.32.84.229,80,50025,PA_PA,0,59,4232,1,Background
65,0,UDP,93.173.166.25,9102,13363,CON,0,2,223,1,Background
66,0,ICMP,147.32.84.164,7,7,ECO,0,1,78,1,LEGITIMATE
67,0,ICMP,147.32.84.164,7,7,ECO,0,1,78,1,LEGITIMATE
68,35.625,UDP,147.32.84.229,13363,41554,CON,0,6,1063,1,Background
69,0.186,TCP,147.32.84.229,4585,12350,PA_PA,0,3,172,1,Background
70,0,UDP,147.32.84.59,19181,16001,INT,0,1,145,1,Background
71,0,UDP,83.217.130.126,12150,43087,INT,0,1,145,1,Background
72,0,ICMP,147.32.84.59,7,7,URP,0,1,173,1,Background
73,0,ICMP,147.32.84.164,7,7,ECO,0,1,78,1,LEGITIMATE
74,0,UDP,147.32.84.59,19181,7068,INT,0,1,145,1,Background
75,0,UDP,85.101.229.108,54914,13363,CON,0,2,240,1,Background
76,0.422,TCP,147.32.84.229,13363,1042,PA_PA,0,4,220,1,Background
77,6.045,UDP,147.32.84.229,13363,19091,INT,0,3,546,1,Background
78,0.001,UDP,220.133.34.99,33875,19083,CON,0,2,556,1,Background
79,0,UDP,147.32.85.89,44400,53,CON,0,2,204,1,Background
80,0,UDP,131.111.185.81,12765,13363,CON,0,2,136,1,Background
81,0,UDP,147.32.84.138,38147,53,CON,0,2,214,1,Background
82,0,UDP,147.32.84.138,40576,53,CON,0,2,214,1,Background
83,19.657,TCP,116.255.146.79,1083,3389,FSPA_SRPA,0,98,14674,1,Background
84,0,UDP,147.32.84.138,57111,53,CON,0,2,214,1,Background
85,0,UDP,147.32.84.138,57494,53,CON,0,2,214,1,Background
86,6.006,ICMP,178.172.138.7,7,7,URP,0,3,570,1,Background
87,0,UDP,147.32.84.138,54407,53,CON,0,2,214,1,Background
88,0,UDP,147.32.84.138,50668,53,CON,0,2,214,1,Background
89,0,UDP,147.32.84.138,37474,53,CON,0,2,214,1,Background
90,0,UDP,147.32.84.138,37337,53,CON,0,2,214,1,Background
91,0,UDP,147.32.84.138,60521,53,CON,0,2,214,1,Background
92,0,UDP,147.32.84.138,53554,53,CON,0,2,214,1,Background
93,0,UDP,141.23.39.0,39900,13363,CON,0,2,233,1,Background
94,0,UDP,84.253.19.45,50486,443,CON,0,2,128,1,Background
95,19.002,TCP,190.107.251.172,52036,443,FSRPA_SPA,0,26,2140,1,Background
96,0.364,UDP,147.32.84.59,19181,18373,CON,0,2,464,1,Background
97,0.053,UDP,147.32.84.229,13363,11514,CON,0,4,3038,1,Background
98,2.461,UDP,147.32.84.229,13363,37614,CON,0,4,487,1,Background
99,0.19,UDP,147.32.84.229,13363,60239,CON,0,2,132,1,Background
100,43.491,UDP,84.40.111.123,17088,13363,CON,0,4,529,1,Background
101,0.001,UDP,147.32.84.159,50898,123,CON,0,2,180,1,Background
102,0,UDP,95.237.113.30,33290,19083,CON,0,2,123,1,Background
103,0,UDP,92.75.225.214,11174,19083,CON,0,2,185,1,Background
104,0.475,UDP,147.32.87.48,3523,161,INT,0,24,3144,1,Background
105,0,UDP,195.206.243.183,64324,443,CON,0,2,128,1,Background
106,0,UDP,79.241.74.201,2620,19083,CON,0,2,142,1,Background
107,0.151,UDP,147.32.86.116,19083,26688,CON,0,4,3012,1,Background
108,25.978,TCP,147.32.86.44,3145,3128,SPA_SPA,0,14,5624,1,LEGITIMATE
109,7.585,UDP,147.32.84.229,13363,14967,CON,0,4,300,1,Background
110,0.064,UDP,147.32.84.229,13363,31370,CON,0,2,133,1,Background
111,0,UDP,85.160.17.90,40320,13363,CON,0,2,237,1,Background
112,0.118,UDP,147.32.84.229,13363,34024,CON,0,2,136,1,Background
113,0.001,UDP,213.110.96.157,62227,13363,CON,0,2,707,1,Background
114,0,UDP,94.240.224.29,6758,19083,CON,0,2,138,1,Background
115,10.59,UDP,2.40.235.65,62662,23185,INT,0,4,300,1,Background
116,10.59,ICMP,147.32.87.3,7,7,URP,0,4,280,1,Background
117,0,UDP,147.32.84.138,38784,53,CON,0,2,214,1,Background
118,0.152,UDP,147.32.84.229,13363,45488,CON,0,2,250,1,Background
119,59.887,TCP,217.64.0.76,1026,13363,PA_PA,0,3,480,1,Background
120,0,UDP,192.168.88.144,631,631,INT,0,1,219,1,Background
121,57.12,TCP,147.32.86.50,56387,5190,PA_PA,0,7,672,1,Background
122,0,UDP,147.32.84.59,55922,53,CON,0,2,632,1,Background
123,0,UDP,147.32.84.59,64186,53,CON,0,2,228,1,Background
124,0.218,TCP,147.32.84.59,54022,80,SRPA_FSPA,0,8,1550,1,Background
125,0,UDP,147.32.85.34,63002,53,CON,0,2,292,1,Background
126,0,UDP,147.32.85.34,57116,53,CON,0,2,204,1,Background
127,0,UDP,41.251.36.106,18923,13363,CON,0,2,133,1,Background
128,21.752,TCP,89.104.11.30,41556,13363,FSRPA_FSPA,0,15,1365,1,Background
129,0.003,UDP,147.32.84.37,53136,123,CON,0,2,180,1,Background
130,0,UDP,86.13.42.203,11996,13363,CON,0,2,371,1,Background
131,0,UDP,109.60.25.185,42331,13363,CON,0,2,268,1,Background
132,37.581,TCP,147.32.84.68,64336,60214,FPA_FPA,0,12,687,1,Background
133,6.012,UDP,147.32.84.229,13363,4831,INT,0,3,375,1,Background
134,0.001,UDP,206.214.133.30,28129,19083,CON,0,3,470,1,Background
135,1.793,TCP,81.246.125.58,35688,13363,PA_PA,0,4,220,1,Background
136,0.343,TCP,147.32.84.229,13363,1061,PA_PA,0,5,426,1,Background
137,30,TCP,147.32.85.124,61168,5190,PA_A,0,3,168,1,Background
138,0,UDP,46.149.150.77,2871,13363,CON,0,2,245,1,Background
139,6.016,UDP,147.32.84.59,52996,24683,INT,0,3,456,1,Background
140,0.361,UDP,147.32.84.59,52996,8991,CON,0,2,135,1,Background
141,0.153,UDP,147.32.86.116,19083,18225,CON,0,4,3041,1,Background
142,0.002,UDP,60.50.53.167,3464,19083,CON,0,2,533,1,Background
143,0,UDP,46.2.3.100,1758,13363,CON,0,2,134,1,Background
144,0,UDP,61.203.1.44,45921,443,CON,0,2,128,1,Background
145,0,UDP,72.206.98.139,47020,19083,CON,0,2,134,1,Background
146,0.333,TCP,147.32.84.59,55950,80,FSPA_FSPA,0,9,1509,1,Background
147,0,UDP,68.114.45.132,44876,43087,INT,0,1,109,1,Background
148,0,ICMP,147.32.84.59,7,7,URP,0,1,137,1,Background
149,0,TCP,177.18.166.237,22089,43087,S_RA,0,2,120,1,Background
150,59.97,TCP,82.79.199.104,29392,13363,PA_PA,0,5,674,1,Background
151,59.983,TCP,82.114.211.25,1026,13363,PA_PA,0,5,1595,1,Background
152,0.002,UDP,87.204.181.98,18985,13363,CON,0,2,524,1,Background
153,28.615,TCP,147.32.84.229,13363,28204,PA_PA,0,5,777,1,Background
154,22.487,TCP,196.29.233.4,63941,13363,FSPA_FSPA,0,16,1172,1,Background
155,0,UDP,95.103.123.119,41583,13363,CON,0,2,241,1,Background
156,0.153,UDP,99.246.178.182,55951,13363,CON,0,6,3169,1,Background
157,0.002,UDP,67.199.166.17,12409,13363,CON,0,2,134,1,Background
158,0.338,TCP,147.32.84.59,55955,80,FSPA_FSPA,0,9,1509,1,Background
159,0,UDP,147.32.85.8,47547,53,CON,0,2,218,1,Background
160,0,UDP,147.32.85.8,35670,53,CON,0,2,400,1,Background
161,0.466,TCP,147.32.85.8,50392,443,SPA_SPA,0,12,4652,1,LEGITIMATE
162,0.479,UDP,74.235.60.239,51988,19083,CON,0,4,330,1,Background
163,0.987,UDP,147.32.84.59,19181,35534,CON,0,2,474,1,Background
164,0,UDP,125.193.155.223,53525,13363,CON,0,2,135,1,Background
165,0,UDP,78.102.157.33,50415,13363,CON,0,2,251,1,Background
166,0.013,TCP,147.32.84.215,60141,6889,S_RA,0,2,128,1,Background
167,31.984,UDP,147.32.84.59,19181,17447,CON,0,18,3110,1,Background
168,59.999,UDP,147.32.84.59,43087,12649,CON,0,61645,62175910,1,Background
169,21.369,TCP,147.32.84.229,13363,23018,PA_PA,0,9,899,1,Background
170,7.399,TCP,147.32.84.229,13363,53734,PA_PA,0,4,220,1,Background
171,9.009,TCP,24.77.223.212,1846,3126,S_,0,3,186,1,Background
172,0,UDP,78.128.207.222,4264,11427,INT,0,1,197,1,Background
173,0.002,ICMP,147.32.84.164,7,7,ECO,0,1,78,1,LEGITIMATE
174,0.119,UDP,147.32.84.229,13363,34039,CON,0,2,248,1,Background
175,0,UDP,147.32.84.138,59128,53,CON,0,2,214,1,Background
176,0,UDP,147.32.84.138,33185,53,CON,0,2,214,1,Background
177,0,UDP,147.32.84.138,58504,53,CON,0,2,214,1,Background
178,0,UDP,147.32.84.138,55021,53,CON,0,2,214,1,Background
179,0,UDP,147.32.84.138,45633,53,CON,0,2,214,1,Background
180,0,UDP,147.32.84.138,45832,53,CON,0,2,214,1,Background
181,0,UDP,147.32.84.138,40945,53,CON,0,2,214,1,Background
182,0,UDP,147.32.84.138,49350,53,CON,0,2,214,1,Background
183,0,UDP,46.146.50.167,16232,13363,CON,0,2,552,1,Background
184,0,UDP,147.32.84.138,52090,53,CON,0,2,214,1,Background
185,44.689,UDP,147.32.84.138,37938,53,CON,0,4,428,1,Background
186,0.374,UDP,147.32.85.24,13688,56864,CON,0,2,138,1,Background
187,0.024,UDP,147.32.85.24,13688,34027,CON,0,2,135,1,Background
188,0.058,UDP,147.32.85.24,13688,11547,CON,0,2,133,1,Background
189,0.041,UDP,147.32.85.24,13688,23702,CON,0,2,133,1,Background
190,0.054,UDP,147.32.85.24,13688,52317,CON,0,2,133,1,Background
191,0.349,UDP,147.32.85.24,13688,2356,CON,0,2,137,1,Background
192,0.025,UDP,147.32.85.24,13688,4335,CON,0,2,135,1,Background
193,0.066,UDP,147.32.85.24,13688,28049,CON,0,2,134,1,Background
194,0,UDP,147.32.84.138,45720,53,CON,0,2,214,1,Background
195,0,UDP,147.32.84.138,46839,53,CON,0,2,214,1,Background
196,0,UDP,92.4.208.206,61299,13363,CON,0,2,241,1,Background
197,0,UDP,188.60.108.204,57285,19083,CON,0,2,140,1,Background
198,0,UDP,147.32.85.36,55773,53,CON,0,4,512,1,Background
199,10.416,TCP,147.32.85.36,42233,443,FSPA_FSPA,0,28,11361,1,Background
200,0,UDP,86.95.7.91,51746,19083,CON,0,2,143,1,Background
201,0,UDP,128.39.156.240,27940,13363,CON,0,2,245,1,Background
202,0.099,TCP,147.32.84.59,59076,80,FA_FA,0,4,216,1,Background
203,0,ICMP,147.32.84.164,7,7,ECO,0,1,78,1,LEGITIMATE
204,2.699,TCP,151.83.167.223,50960,13363,PA_PA,0,6,856,1,Background
205,55.354,TCP,147.32.84.59,61111,80,PA_PA,0,8,3241,1,Background
206,46.483,TCP,147.32.86.116,19083,54799,PA_PA,0,7,727,1,Background
207,0,UDP,163.22.4.11,58638,13363,CON,0,2,134,1,Background
208,0,UDP,147.32.86.20,57817,53,CON,0,2,261,1,Background
209,0.206,TCP,147.32.86.20,1854,80,FSPA_FSPA,0,38,30778,1,Background
210,0,UDP,68.36.121.212,34626,13363,CON,0,2,134,1,Background
211,0.098,UDP,147.32.84.229,13363,61298,CON,0,2,136,1,Background
212,0.141,UDP,147.32.84.229,13363,61187,CON,0,2,133,1,Background
213,0.23,UDP,147.32.84.229,13363,22254,CON,0,2,132,1,Background
214,0,TCP,61.191.61.238,61405,20781,R_,0,1,54,1,Background
215,0,UDP,147.32.84.59,19181,25138,INT,0,1,145,1,Background
216,0,ICMP,147.32.84.164,7,7,ECO,0,1,78,1,LEGITIMATE
217,0,UDP,147.32.84.199,427,56887,INT,0,1,325,1,Background
218,9.001,TCP,147.32.84.179,59742,22,S_,0,3,194,1,Background
219,45.013,TCP,147.32.84.59,50566,443,A_A,0,4,242,1,LEGITIMATE
220,0,UDP,178.66.3.157,35634,13363,CON,0,2,133,1,Background
221,0,UDP,67.170.186.91,32389,13363,CON,0,2,135,1,Background
222,0,UDP,190.18.185.100,50985,13363,CON,0,2,560,1,Background
223,0,UDP,86.97.141.184,60063,13363,CON,0,2,557,1,Background
224,0,UDP,178.117.248.110,54431,13363,CON,0,2,242,1,Background
225,0,UDP,212.117.25.92,6599,13363,CON,0,2,137,1,Background
226,0,UDP,80.78.79.131,62281,13363,CON,0,2,265,1,Background
227,0,UDP,89.192.172.114,63032,13363,CON,0,2,136,1,Background
228,0.055,UDP,147.32.84.59,19181,18957,CON,0,2,474,1,Background
229,39.161,TCP,205.188.11.47,5190,56958,PA_PA,0,14,2249,1,Background
230,0.001,ICMP,147.32.84.164,7,7,ECO,0,1,78,1,LEGITIMATE
231,0,TCP,147.32.86.69,37641,80,_SA,0,1,58,1,Background
232,0,ICMP,220.121.230.211,7,7,URP,0,1,173,1,Background
233,0,ICMP,147.32.84.164,7,7,ECO,0,1,78,1,LEGITIMATE
234,0.192,UDP,147.32.84.150,54963,123,CON,0,2,180,1,Background
235,0,UDP,90.202.61.180,48056,19083,CON,0,2,563,1,Background
236,0,UDP,84.54.178.170,47381,13363,CON,0,2,141,1,Background
237,0,UDP,147.32.84.79,42608,53,CON,0,2,330,1,Background
238,0.401,UDP,123.20.139.157,11046,13363,CON,0,2,266,1,Background
239,0,UDP,147.32.86.20,50343,53,CON,0,2,394,1,Background
240,0.153,TCP,147.32.86.20,1857,80,FSPA_FSPA,0,61,53811,1,Background
241,0,UDP,105.138.131.32,41949,443,CON,0,2,128,1,Background
242,0,UDP,211.60.66.4,5796,13363,CON,0,2,134,1,Background
243,6.005,ICMP,78.116.150.134,7,7,URH,0,3,534,1,Background
244,0.04,UDP,147.32.84.59,19181,26484,CON,0,2,464,1,Background
245,0.253,UDP,147.32.84.59,19181,39160,CON,0,2,474,1,Background
246,0.022,UDP,147.32.84.59,19181,46435,CON,0,2,464,1,Background
247,0.239,UDP,147.32.84.59,19181,30522,CON,0,2,474,1,Background
248,0.571,UDP,147.32.84.59,19181,4041,CON,0,2,485,1,Background
249,0.219,UDP,147.32.84.59,19181,28397,CON,0,2,474,1,Background
250,0.066,UDP,147.32.84.59,19181,53219,CON,0,2,474,1,Background
251,32.016,UDP,147.32.84.59,19181,45881,CON,0,13,2567,1,Background
252,50.72,TCP,147.32.85.74,1423,46993,PA_PA,0,23,2754,1,Background
253,0.243,TCP,147.32.86.116,19083,35492,PA_PA,0,3,214,1,Background
254,49.85,TCP,147.32.84.229,443,49920,PA_PA,0,27,2666,1,Background
255,0,UDP,194.44.127.214,53109,43087,INT,0,1,145,1,Background
256,0,ICMP,147.32.84.59,7,7,URP,0,1,173,1,Background
257,0,ICMP,147.32.84.164,7,7,ECO,0,1,78,1,LEGITIMATE
258,0,UDP,0.0.0.0,68,67,INT,0,1,320,1,Background
259,0,ICMP,147.32.84.164,7,7,ECO,0,1,78,1,LEGITIMATE
260,0,UDP,82.10.186.10,60985,13363,CON,0,2,294,1,Background
261,27.302,TCP,189.47.14.175,49155,13363,PA_PA,0,6,628,1,Background
262,0,ICMP,147.32.84.164,7,7,ECO,0,1,78,1,LEGITIMATE
263,0,ICMP,147.32.84.164,7,7,ECO,0,1,78,1,LEGITIMATE
264,59.989,TCP,85.55.158.165,60508,13363,PA_PA,0,4,629,1,Background
265,2.525,UDP,147.32.84.229,13363,24262,CON,0,6,1087,1,Background
266,0,UDP,90.44.187.116,25158,19083,CON,0,2,138,1,Background
267,0.54,UDP,192.168.88.173,65373,137,INT,0,3,276,1,Background
268,42.1,UDP,142.162.26.67,9956,19083,CON,0,4,460,1,Background
269,0,UDP,147.32.84.138,45455,53,CON,0,2,214,1,Background
270,5.013,UDP,178.152.26.172,58054,13363,CON,0,4,270,1,Background
271,0,UDP,147.32.84.138,49682,53,CON,0,2,214,1,Background
272,0,UDP,147.32.84.138,41956,53,CON,0,2,214,1,Background
273,45.427,UDP,147.32.84.229,13363,3427,CON,0,4,272,1,Background
274,0,UDP,78.40.4.40,46189,13363,CON,0,2,238,1,Background
275,0,UDP,147.32.84.138,47340,53,CON,0,2,214,1,Background
276,0,UDP,147.32.84.138,38697,53,CON,0,2,214,1,Background
277,0,UDP,147.32.84.138,54287,53,CON,0,2,214,1,Background
278,0,UDP,147.32.84.138,41913,53,CON,0,2,214,1,Background
279,0,UDP,147.32.84.138,45556,53,CON,0,2,214,1,Background
280,0,UDP,147.32.84.138,57323,53,CON,0,2,214,1,Background
281,0.001,UDP,95.43.78.220,24866,13363,CON,0,2,144,1,Background
282,0,UDP,147.32.84.138,56537,53,CON,0,2,214,1,Background
283,42.606,UDP,147.32.84.138,37481,53,CON,0,8,856,1,Background
284,0,UDP,147.32.84.138,53339,53,CON,0,2,214,1,Background
285,0,UDP,147.32.84.138,54900,53,CON,0,2,214,1,Background
286,0.425,UDP,71.206.247.15,37214,19083,CON,0,2,280,1,Background
287,0.54,UDP,192.168.88.173,52785,137,INT,0,3,276,1,Background
288,0,UDP,151.80.133.74,17254,19083,CON,0,2,135,1,Background
289,17.336,TCP,85.210.124.100,55276,13363,PA_PA,0,10,1141,1,Background
290,32.602,TCP,151.80.133.74,49307,19083,SPA_SPA,0,49,7153,1,Background
291,0.022,UDP,147.32.84.229,13363,41952,CON,0,2,270,1,Background
292,0.001,UDP,147.32.84.14,46837,123,CON,0,2,180,1,Background
293,0.174,UDP,147.32.84.229,13363,62763,CON,0,2,137,1,Background
294,0,ICMP,147.32.84.164,7,7,ECO,0,1,78,1,LEGITIMATE
295,0,TCP,147.32.87.2,524,1062,A_,0,2,110,1,Background
296,0,UDP,91.202.45.28,55816,13363,CON,0,2,133,1,Background
297,0.426,UDP,147.32.84.59,19181,21301,CON,0,2,464,1,Background
298,0,UDP,139.78.78.70,12063,13363,CON,0,2,254,1,Background
299,51.381,TCP,147.32.85.8,57506,443,FSPA_FSPA,0,22,4770,1,LEGITIMATE
300,0.215,UDP,147.32.84.59,19181,16938,CON,0,2,474,1,Background
301,29.444,UDP,174.142.39.232,32483,13363,CON,0,4,270,1,Background
302,0,UDP,109.255.58.77,48233,19083,CON,0,2,135,1,Background
303,0,UDP,204.124.151.10,50313,19083,CON,0,2,136,1,Background
304,0.067,TCP,147.32.84.59,53935,80,SPA_SPA,0,7,2016,1,LEGITIMATE
305,16.521,TCP,212.80.83.109,1291,21857,FSPA_FSPA,0,18,1233,1,Background
306,0,UDP,109.202.7.82,63622,13363,CON,0,2,135,1,Background
307,0,UDP,147.32.84.138,33547,53,CON,0,2,214,1,Background
308,0,UDP,147.32.84.138,57391,53,CON,0,2,214,1,Background
309,0.249,UDP,147.32.84.229,13363,7143,CON,0,2,134,1,Background
310,0,UDP,147.32.84.138,37388,53,CON,0,2,214,1,Background
311,0,UDP,147.32.84.138,58236,53,CON,0,2,214,1,Background
312,0,UDP,147.32.84.138,35309,53,CON,0,2,214,1,Background
313,35.21,TCP,147.32.84.59,46161,80,FA_FA,0,5,330,1,Background
314,59.983,UDP,147.32.84.59,43087,38402,CON,0,9,1512,1,Background
315,33.781,TCP,147.32.84.59,3145,13107,PA_PA,0,6,1334,1,Background
316,0,ICMP,147.32.84.164,7,7,ECO,0,1,78,1,LEGITIMATE
317,0,UDP,147.32.84.59,19181,53320,INT,0,1,145,1,Background
318,0,UDP,147.32.84.59,19181,53915,INT,0,1,145,1,Background
319,0,UDP,147.32.84.59,19181,51540,INT,0,1,145,1,Background
320,0,UDP,147.32.84.59,19181,1057,INT,0,1,145,1,Background
321,0,UDP,147.32.84.59,19181,50189,INT,0,1,145,1,Background
322,0.087,UDP,147.32.84.59,19181,62165,INT,0,1,145,1,Background
323,0,UDP,147.32.84.59,19181,60099,INT,0,1,145,1,Background
324,0,UDP,78.63.247.57,20231,22602,INT,0,1,145,1,Background
325,0,ICMP,147.32.84.59,7,7,URP,0,1,173,1,Background
326,0.822,TCP,151.54.202.168,2524,13363,PA_PA,0,4,220,1,Background
327,0,ICMP,147.32.84.164,7,7,ECO,0,1,78,1,LEGITIMATE
328,0,UDP,147.32.84.59,19181,32500,INT,0,1,145,1,Background
329,0,ICMP,195.91.242.65,7,7,URP,0,1,70,1,Background
330,0,UDP,88.187.120.66,51413,63550,INT,0,1,136,1,Background
331,0,ICMP,147.32.84.59,7,7,URP,0,1,164,1,Background
332,0,ICMP,147.32.84.164,7,7,ECO,0,1,78,1,LEGITIMATE
333,11.008,TCP,147.32.84.229,13363,23597,PA_PA,0,4,220,1,Background
334,8.997,TCP,78.42.38.59,63331,48784,S_,0,3,186,1,Background
335,0.003,UDP,89.212.140.142,32221,13363,CON,0,4,3023,1,Background
336,0.377,UDP,77.121.222.165,17010,13363,CON,0,4,402,1,Background
337,0.001,UDP,85.65.14.184,32315,13363,CON,0,2,256,1,Background
338,0.369,UDP,129.242.112.112,26643,13363,CON,0,2,274,1,Background
339,0,UDP,147.32.84.21,55927,53,CON,0,2,226,1,Background
340,59.999,UDP,147.32.84.59,19181,35670,CON,0,6100,6122815,1,Background
341,0,TCP,72.220.24.80,3304,43087,S_RA,0,2,116,1,Background
342,0,TCP,147.32.86.110,49422,53389,A_PA,0,2,465,1,Background
343,59.945,TCP,218.75.208.58,3425,80,A_A,0,406,372080,1,Background
344,53.014,TCP,147.122.45.75,60730,443,PA_PA,0,19,1561,1,Background
345,54.998,TCP,88.86.102.50,5222,40716,A_PA,0,6,470,1,Background
346,0,ICMP,147.32.84.164,7,7,ECO,0,1,78,1,LEGITIMATE
347,0,ICMP,147.32.84.164,7,7,ECO,0,1,78,1,LEGITIMATE
348,0,UDP,147.32.84.138,47716,53,CON,0,2,214,1,Background
349,0,UDP,147.32.84.138,46004,53,CON,0,2,214,1,Background
350,0,UDP,147.32.84.138,39158,53,CON,0,2,214,1,Background
351,0,UDP,147.32.84.138,53361,53,CON,0,2,214,1,Background
352,0,UDP,147.32.84.138,58237,53,CON,0,2,214,1,Background
353,0,UDP,24.25.255.194,30651,19083,CON,0,2,139,1,Background
354,0,UDP,128.164.236.227,25175,13363,CON,0,2,136,1,Background
355,0.697,UDP,109.185.116.150,42161,13363,CON,0,2,278,1,Background
356,0.2,UDP,147.32.84.229,13363,16852,CON,0,2,157,1,Background
357,0.121,UDP,147.32.84.229,13363,34008,CON,0,2,137,1,Background
358,0.302,UDP,147.32.84.229,13363,28200,CON,0,2,139,1,Background
359,0.143,UDP,147.32.84.229,13363,53697,CON,0,2,136,1,Background
360,0,UDP,124.43.202.139,1265,19083,CON,0,2,136,1,Background
361,0.182,UDP,147.32.84.229,13363,44944,CON,0,4,3012,1,Background
362,0.839,UDP,80.27.197.84,18893,19083,CON,0,4,649,1,Background
363,0.87,TCP,134.100.99.132,26652,13363,PA_PA,0,10,882,1,Background
364,47.962,TCP,109.234.145.69,33731,13363,PA_PA,0,8,869,1,Background
365,0.22,TCP,80.99.112.72,1040,13363,PA_PA,0,3,356,1,Background
366,0.22,TCP,141.76.121.234,49300,13363,PA_PA,0,3,562,1,Background
367,0,UDP,187.106.80.14,26934,13363,CON,0,2,135,1,Background
368,0,ICMP,147.32.84.164,7,7,ECO,0,1,78,1,LEGITIMATE
369,0,ICMP,78.52.134.166,7,7,URFIL,0,1,70,1,Background
370,0,ICMP,147.32.84.164,7,7,ECO,0,1,78,1,LEGITIMATE
371,25.498,UDP,147.32.86.116,19083,23249,CON,0,6,964,1,Background
372,16.725,UDP,147.32.84.138,36771,53,CON,0,4,428,1,Background
373,52.309,UDP,147.32.84.138,45378,53,CON,0,4,428,1,Background
374,59.891,TCP,147.32.86.116,57764,57551,PA_PA,0,4,1512,1,Background
375,21.807,TCP,205.188.11.78,443,1101,PA_PA,0,8,1020,1,Background
376,31.631,TCP,147.32.86.116,19083,55916,PA_PA,0,7,507,1,Background
377,0,UDP,94.43.190.105,20725,63550,INT,0,1,148,1,Background
378,0,ICMP,147.32.84.59,7,7,URP,0,1,176,1,Background
379,0,ICMP,147.32.84.164,7,7,ECO,0,1,78,1,LEGITIMATE
380,25.194,TCP,147.32.84.162,59922,80,PA_PA,0,64,23767,1,LEGITIMATE
381,0,UDP,77.67.32.11,18181,13363,CON,0,2,220,1,Background
382,0.014,TCP,147.32.86.50,57425,110,_FSPA,0,16,1254,1,Background
383,0,UDP,110.175.61.128,61723,19083,CON,0,2,134,1,Background
384,0,UDP,93.40.114.139,35118,13363,CON,0,2,634,1,Background
385,0,UDP,97.75.168.50,41935,13363,CON,0,2,133,1,Background
386,0.144,UDP,147.32.86.116,19083,43747,CON,0,2,158,1,Background
387,6.137,UDP,147.32.86.116,19083,28255,INT,0,3,207,1,Background
388,0,UDP,147.32.84.170,42764,53,CON,0,2,298,1,LEGITIMATE
389,0,UDP,147.32.84.170,36590,53,CON,0,2,298,1,LEGITIMATE
390,0,UDP,147.32.84.170,53136,53,CON,0,2,256,1,LEGITIMATE
391,21.637,UDP,147.32.84.229,13363,45592,CON,0,6,1135,1,Background
392,59.755,TCP,147.32.84.229,13363,49771,PA_PA,0,5,1326,1,Background
393,59.896,TCP,147.32.85.8,34971,80,A_FA,0,6,396,1,LEGITIMATE
394,0,TCP,201.246.123.225,2173,6881,S_RA,0,2,116,1,Background
395,46.698,UDP,147.32.86.116,19083,22007,CON,0,6,966,1,Background
396,0,UDP,205.178.20.164,26780,13363,CON,0,3,587,1,Background
397,59.944,UDP,147.32.84.68,51454,4694,CON,0,8,516,1,Background
398,59.968,UDP,147.32.84.68,51454,24065,CON,0,8,516,1,Background
399,0,UDP,187.61.130.32,35773,13363,CON,3,2,134,1,Background
400,0,UDP,213.226.63.152,25846,19083,CON,0,2,138,1,Background
401,0,UDP,85.12.222.215,51406,19083,CON,0,2,134,1,Background
402,0,UDP,95.72.109.80,2917,19083,CON,0,2,133,1,Background
403,0,UDP,83.66.202.73,56001,13363,CON,0,2,233,1,Background
404,0,UDP,178.243.181.233,9102,13363,CON,0,2,134,1,Background
405,0,UDP,190.55.139.214,1185,13363,CON,0,2,133,1,Background
406,0,UDP,31.43.17.220,56423,13363,CON,0,2,133,1,Background
407,0.004,UDP,147.32.86.186,1643,14226,CON,0,2,245,1,Background
408,0.172,UDP,147.32.86.116,19083,8620,CON,0,4,3000,1,Background
409,0.925,UDP,147.32.84.59,19181,10673,CON,0,2,474,1,Background
410,0,UDP,213.196.74.221,1024,13363,CON,0,2,229,1,Background
411,0.001,UDP,89.215.93.203,50660,13363,CON,0,2,555,1,Background
412,0,ICMP,147.32.84.191,7,7,UNK,0,1,1066,1,Botnet
413,0,ICMP,147.32.84.191,7,7,ECO,0,1,1066,1,Botnet
414,0,ICMP,147.32.84.191,7,7,UNK,0,1,1066,1,Botnet
415,0,ICMP,147.32.84.191,7,7,UNK,0,1,1066,1,Botnet
416,0,ICMP,147.32.84.191,7,7,UNK,0,1,1066,1,Botnet
417,0,ICMP,147.32.84.191,7,7,MHR,0,1,1066,1,Botnet
418,0,ICMP,147.32.84.191,7,7,MRQ,0,1,1066,1,Botnet
419,0,TCP,72.220.24.80,3304,43087,S_RA,0,2,116,1,Background
420,0,ICMP,147.32.84.191,7,7,ROB,0,1,1066,1,Botnet
421,0,ICMP,147.32.84.191,7,7,UNK,0,1,1066,1,Botnet
422,0,ICMP,147.32.84.191,7,7,UNK,0,1,1066,1,Botnet
423,0,ICMP,147.32.84.191,7,7,AHA,0,1,1066,1,Botnet
424,0,ICMP,147.32.84.191,7,7,NNA,0,1,1066,1,Botnet
425,0,ICMP,147.32.84.191,7,7,UNK,0,1,1066,1,Botnet
426,0,ICMP,147.32.84.191,7,7,SKP,0,1,1066,1,Botnet
427,0,ICMP,147.32.84.191,7,7,UNK,0,1,1066,1,Botnet
428,0,ICMP,147.32.84.191,7,7,ECR,0,1,1066,1,Botnet
429,0,ICMP,147.32.84.191,7,7,UNK,0,1,1066,1,Botnet
430,0,ICMP,147.32.84.191,7,7,UNK,0,1,1066,1,Botnet
431,0,ICMP,147.32.84.191,7,7,UNK,0,1,1066,1,Botnet
432,0,ICMP,147.32.84.191,7,7,___,0,1,1066,1,Botnet
433,0,ICMP,147.32.84.191,7,7,UNK,0,1,1066,1,Botnet
434,0,ICMP,147.32.84.191,7,7,UNK,0,1,1066,1,Botnet
435,0,ICMP,147.32.84.191,7,7,UNK,0,1,1066,1,Botnet
436,0,ICMP,147.32.84.191,7,7,ROB,0,1,1066,1,Botnet
437,0,ICMP,147.32.84.191,7,7,UNK,0,1,1066,1,Botnet
438,0,ICMP,147.32.84.191,7,7,ECR,0,1,1066,1,Botnet
439,0,ICMP,147.32.84.191,7,7,UNK,0,1,1066,1,Botnet
440,0,ICMP,147.32.84.191,7,7,UNK,0,1,1066,1,Botnet
441,0,ICMP,147.32.84.191,7,7,UNK,0,1,1066,1,Botnet
442,0,ICMP,147.32.84.191,7,7,UNK,0,1,1066,1,Botnet
443,0,ICMP,147.32.84.191,7,7,UNK,0,1,1066,1,Botnet
444,0,ICMP,147.32.84.191,7,7,UNK,0,1,1066,1,Botnet
445,0,ICMP,147.32.84.191,7,7,UNK,0,1,1066,1,Botnet
446,0,ICMP,147.32.84.191,7,7,UNK,0,1,1066,1,Botnet
447,0,ICMP,147.32.84.191,7,7,UNK,0,1,1066,1,Botnet
448,0,ICMP,147.32.84.191,7,7,UNK,0,1,1066,1,Botnet
449,0,ICMP,147.32.84.191,7,7,ECO,0,1,1066,1,Botnet
450,0,ICMP,147.32.84.191,7,7,ECR,0,1,1066,1,Botnet
451,0,ICMP,147.32.84.191,7,7,UNK,0,1,1066,1,Botnet
452,0,ICMP,147.32.84.191,7,7,UNK,0,1,1066,1,Botnet
453,0,ICMP,147.32.84.191,7,7,ROB,0,1,1066,1,Botnet
454,0,ICMP,147.32.84.191,7,7,UNK,0,1,1066,1,Botnet
455,0,ICMP,147.32.84.191,7,7,UNK,0,1,1066,1,Botnet
456,0,ICMP,147.32.84.191,7,7,UR,0,1,1066,1,Botnet
457,0,ICMP,147.32.84.191,7,7,ECO,0,1,1066,1,Botnet
458,0,ICMP,147.32.84.191,7,7,UNK,0,1,1066,1,Botnet
459,0,ICMP,147.32.84.191,7,7,IRR,0,1,1066,1,Botnet
460,0,ICMP,147.32.84.191,7,7,UNK,0,1,1066,1,Botnet
461,0,ICMP,147.32.84.191,7,7,UNK,0,1,1066,1,Botnet
462,0,ICMP,147.32.84.191,7,7,UNK,0,1,1066,1,Botnet
463,0,ICMP,147.32.84.191,7,7,ECR,0,1,1066,1,Botnet
464,0,ICMP,147.32.84.191,7,7,NNS,0,1,1066,1,Botnet
465,0,ICMP,147.32.84.191,7,7,UNK,0,1,1066,1,Botnet
466,0,ICMP,147.32.84.191,7,7,UNK,0,1,1066,1,Botnet
467,0,ICMP,147.32.84.191,7,7,ROB,0,1,1066,1,Botnet
468,0,ICMP,147.32.84.191,7,7,UR,0,1,1066,1,Botnet
469,0,ICMP,147.32.84.191,7,7,UNK,0,1,1066,1,Botnet
470,0,ICMP,147.32.84.191,7,7,UNK,0,1,1066,1,Botnet
471,0,ICMP,147.32.84.191,7,7,UNK,0,1,1066,1,Botnet
472,0,ICMP,147.32.84.191,7,7,UNK,0,1,1066,1,Botnet
473,0,ICMP,147.32.84.191,7,7,RTS,0,1,1066,1,Botnet
474,0,ICMP,147.32.84.191,7,7,UNK,0,1,1066,1,Botnet
475,0,ICMP,147.32.84.191,7,7,UNK,0,1,1066,1,Botnet
476,0,ICMP,147.32.84.191,7,7,UNK,0,1,1066,1,Botnet
477,0,ICMP,147.32.84.191,7,7,UNK,0,1,1066,1,Botnet
478,0,ICMP,147.32.84.191,7,7,UNK,0,1,1066,1,Botnet
479,0,ICMP,147.32.84.191,7,7,UNK,0,1,1066,1,Botnet
480,0,ICMP,147.32.84.191,7,7,UNK,0,1,1066,1,Botnet
481,0,ICMP,147.32.84.191,7,7,ECO,0,1,1066,1,Botnet
482,0,ICMP,147.32.84.191,7,7,UNK,0,1,1066,1,Botnet
483,0,ICMP,147.32.84.191,7,7,MRQ,0,1,1066,1,Botnet
484,0,ICMP,147.32.84.191,7,7,IAH,0,1,1066,1,Botnet
485,0,ICMP,147.32.84.191,7,7,UNK,0,1,1066,1,Botnet
486,0,ICMP,147.32.84.191,7,7,UNK,0,1,1066,1,Botnet
487,0,ICMP,147.32.84.191,7,7,UNK,0,1,1066,1,Botnet
488,0,ICMP,147.32.84.191,7,7,UNK,0,1,1066,1,Botnet
489,0,ICMP,147.32.84.191,7,7,UNK,0,1,1066,1,Botnet
490,0,ICMP,147.32.84.191,7,7,DCE,0,1,1066,1,Botnet
491,0,ICMP,147.32.84.191,7,7,UNK,0,1,1066,1,Botnet
492,0,ICMP,147.32.84.191,7,7,UNK,0,1,1066,1,Botnet
493,0,ICMP,147.32.84.191,7,7,UNK,0,1,1066,1,Botnet
494,0,ICMP,147.32.84.191,7,7,UNK,0,1,1066,1,Botnet
495,0,ICMP,147.32.84.191,7,7,UNK,0,1,1066,1,Botnet
496,0,ICMP,147.32.84.191,7,7,UNK,0,1,1066,1,Botnet
497,0,ICMP,147.32.84.191,7,7,UNK,0,1,1066,1,Botnet
498,0,ICMP,147.32.84.191,7,7,UNK,0,1,1066,1,Botnet
499,0,ICMP,147.32.84.191,7,7,UNK,0,1,1066,1,Botnet
500,0,ICMP,147.32.84.191,7,7,UNK,0,1,1066,1,Botnet
501,0,ICMP,147.32.84.191,7,7,UNK,0,1,1066,1,Botnet
502,0,ICMP,147.32.84.191,7,7,UNK,0,1,1066,1,Botnet
503,0,ICMP,147.32.84.191,7,7,UNK,0,1,1066,1,Botnet
504,0,ICMP,147.32.84.191,7,7,UNK,0,1,1066,1,Botnet
505,0,ICMP,147.32.84.191,7,7,UNK,0,1,1066,1,Botnet
506,0,ICMP,147.32.84.191,7,7,UNK,0,1,1066,1,Botnet
507,0,ICMP,147.32.84.191,7,7,UNK,0,1,1066,1,Botnet
508,0,ICMP,147.32.84.191,7,7,UNK,0,1,1066,1,Botnet
509,0,ICMP,147.32.84.191,7,7,UNK,0,1,1066,1,Botnet
510,0,ICMP,147.32.84.191,7,7,UNK,0,1,1066,1,Botnet
511,0,ICMP,147.32.84.191,7,7,UNK,0,1,1066,1,Botnet
512,0,ICMP,147.32.84.191,7,7,UNK,0,1,1066,1,Botnet
513,0.588,TCP,147.32.84.229,443,57238,PA_PA,0,7,510,1,Background
514,0,TCP,71.236.97.101,1260,6881,S_RA,0,2,116,1,Background
515,0,UDP,147.32.84.59,19181,42244,INT,0,1,145,1,Background
516,36.344,TCP,123.136.101.202,46426,443,PA_PA,0,29,2566,1,Background
517,49.95,TCP,62.2.131.1,19513,443,PA_PA,0,46,3189,1,Background
518,45.855,TCP,147.32.84.59,47122,443,PA_PA,0,7,547,1,Background
519,55.026,UDP,91.124.66.15,19346,13363,CON,0,12,1461,1,Background
520,34.448,TCP,213.91.132.79,49379,44076,_FA,0,5,270,1,Background
521,16.843,TCP,147.32.86.114,7827,80,RA_FA,0,5,283,1,LEGITIMATE
522,16.886,TCP,147.32.86.114,7828,80,RA_FA,0,5,283,1,LEGITIMATE
523,0,UDP,71.239.241.252,2018,19083,CON,0,2,134,1,Background
524,55.017,TCP,147.32.86.116,19083,55622,PA_PA,0,15,1891,1,Background
525,0,UDP,147.32.84.170,47313,53,CON,0,2,400,1,LEGITIMATE
526,0.12,UDP,147.32.84.229,13363,34021,CON,0,2,241,1,Background
527,0,UDP,147.32.84.170,40647,53,CON,0,2,400,1,LEGITIMATE
528,0,UDP,147.32.84.170,48485,53,CON,0,2,256,1,LEGITIMATE
529,0,UDP,147.32.84.170,52695,53,CON,0,2,240,1,LEGITIMATE
530,0,UDP,147.32.84.170,53170,53,CON,0,2,254,1,LEGITIMATE
531,0,UDP,147.32.84.170,41310,53,CON,0,2,207,1,LEGITIMATE
532,45.299,TCP,147.32.84.170,59187,443,SPA_SPA,0,16,3704,1,LEGITIMATE
533,0,UDP,147.32.84.170,32815,53,CON,0,2,358,1,LEGITIMATE
534,0,UDP,147.32.84.170,55246,53,CON,0,2,358,1,LEGITIMATE
535,0.233,UDP,147.32.84.170,34685,53,CON,0,2,150,1,LEGITIMATE
536,0,UDP,147.32.84.170,40907,53,CON,0,2,582,1,LEGITIMATE
537,0,UDP,147.32.84.170,59092,53,CON,0,2,356,1,LEGITIMATE
538,0,UDP,147.32.84.170,41311,53,CON,0,2,207,1,LEGITIMATE
539,45.299,TCP,147.32.84.170,59188,443,SPA_SPA,0,16,3667,1,LEGITIMATE
540,45.298,TCP,147.32.84.170,59189,443,SPA_SPA,0,16,3667,1,LEGITIMATE
541,45.298,TCP,147.32.84.170,59190,443,SPA_SPA,0,16,3666,1,LEGITIMATE
542,45.298,TCP,147.32.84.170,59191,443,SPA_SPA,0,16,3666,1,LEGITIMATE
543,0.02,UDP,147.32.84.170,59660,53,CON,0,2,309,1,LEGITIMATE
544,45.242,TCP,147.32.84.170,51745,443,SPA_SPA,0,16,3869,1,LEGITIMATE
545,45.241,TCP,147.32.84.170,51746,443,SPA_SPA,0,16,3869,1,LEGITIMATE
546,0.003,UDP,180.131.112.227,61288,13363,CON,0,2,133,1,Background
547,15.92,UDP,195.113.44.178,427,427,INT,0,5,490,1,Background
548,15.92,UDP,147.32.87.7,427,427,INT,0,5,550,1,Background
549,45.107,TCP,147.32.84.170,40352,443,SPA_SPA,0,12,1472,1,LEGITIMATE
550,45.107,TCP,147.32.84.170,40353,443,SPA_SPA,0,12,1472,1,LEGITIMATE
551,45.107,TCP,147.32.84.170,40354,443,SPA_SPA,0,12,1472,1,LEGITIMATE
552,0,UDP,147.32.85.25,46060,53,CON,0,2,208,1,Background
553,0,UDP,147.32.85.25,55432,53,CON,0,2,207,1,Background
554,0,UDP,147.32.85.25,36527,53,CON,0,2,208,1,Background
555,0,UDP,147.32.85.25,33658,53,CON,0,2,207,1,Background
556,58.544,UDP,81.99.40.151,56808,13363,CON,0,4,737,1,Background
557,0,UDP,147.32.85.25,43743,53,CON,0,2,208,1,Background
558,0,UDP,147.32.85.25,45131,53,CON,0,2,207,1,Background
559,17.983,UDP,77.78.159.87,9757,19083,CON,0,4,276,1,Background
560,0,UDP,62.48.33.71,44840,13363,CON,0,2,243,1,Background
561,0,UDP,186.193.218.183,54258,13363,CON,0,2,137,1,Background
562,0,UDP,89.178.92.89,28239,13363,CON,0,2,133,1,Background
563,0,UDP,147.32.85.25,37472,53,CON,0,2,208,1,Background
564,0,UDP,147.32.85.25,42874,53,CON,0,2,207,1,Background
565,0,UDP,147.32.85.25,51732,53,CON,0,2,208,1,Background
566,0,UDP,147.32.85.25,39915,53,CON,0,2,207,1,Background
567,0,UDP,147.32.85.25,43410,53,CON,0,2,208,1,Background
568,0,UDP,147.32.85.25,40834,53,CON,0,2,207,1,Background
569,0,UDP,147.32.85.25,53909,53,CON,0,2,208,1,Background
570,0,UDP,147.32.85.25,39418,53,CON,0,2,207,1,Background
571,0,UDP,147.32.85.25,33009,53,CON,0,2,208,1,Background
572,0,UDP,147.32.85.25,46947,53,CON,0,2,207,1,Background
573,0,UDP,95.119.27.55,58305,13363,CON,0,2,259,1,Background
574,0.034,UDP,81.174.17.1,54589,19083,CON,0,2,253,1,Background
575,0.002,UDP,98.253.29.122,40505,19083,CON,0,2,534,1,Background
576,0,UDP,147.32.84.138,60604,53,CON,0,2,214,1,Background
577,0.246,TCP,147.32.86.116,19083,35709,PA_PA,0,3,214,1,Background
578,0,UDP,147.32.84.138,34631,53,CON,0,2,214,1,Background
579,0.024,TCP,147.32.86.111,5846,80,FA_FA,0,3,162,1,LEGITIMATE
580,16.867,TCP,147.32.86.114,7793,80,RA_FA,0,5,283,1,LEGITIMATE
581,16.843,TCP,147.32.86.114,7794,80,RA_FA,0,5,283,1,LEGITIMATE
582,35.654,UDP,68.53.20.178,63779,13363,CON,0,4,682,1,Background
583,0.004,UDP,196.29.233.4,2580,13363,CON,0,2,135,1,Background
584,0.299,UDP,147.32.84.229,13363,53305,CON,0,2,134,1,Background
585,0.302,UDP,147.32.84.229,13363,10772,CON,0,2,139,1,Background
586,0.321,TCP,147.32.84.59,55953,80,FSPA_FSPA,0,9,1509,1,Background
587,0,UDP,139.165.31.13,28914,13363,CON,0,2,249,1,Background
588,0,UDP,80.163.24.118,47559,19083,CON,0,2,139,1,Background
589,0,UDP,129.187.173.51,11087,13363,CON,0,2,236,1,Background
590,0.001,UDP,147.32.84.10,45315,123,CON,0,2,180,1,Background
591,0,UDP,217.122.195.10,27547,19083,CON,0,2,134,1,Background
592,0,UDP,93.71.208.49,34760,13363,CON,0,2,244,1,Background
593,0.002,UDP,76.19.27.6,53336,13363,CON,0,2,564,1,Background
594,0,UDP,147.32.86.20,49223,53,CON,0,2,394,1,Background
595,0.169,TCP,147.32.86.20,1858,80,FSPA_FSPA,0,66,58424,1,Background
596,0,UDP,194.228.197.221,13096,13363,CON,0,2,233,1,Background
597,0.207,UDP,147.32.84.229,13363,16081,CON,0,2,132,1,Background
598,0,ICMP,147.32.84.191,7,7,UNK,0,1,1066,1,Botnet
599,0,ICMP,147.32.84.191,7,7,UNK,0,1,1066,1,Botnet
600,0,ICMP,147.32.84.191,7,7,UNK,0,1,1066,1,Botnet
601,0,ICMP,147.32.84.191,7,7,UNK,0,1,1066,1,Botnet
602,0,ICMP,147.32.84.191,7,7,ROB,0,1,1066,1,Botnet
603,0,ICMP,147.32.84.191,7,7,UNK,0,1,1066,1,Botnet
604,0,ICMP,147.32.84.191,7,7,ECR,0,1,1066,1,Botnet
605,0,ICMP,147.32.84.191,7,7,UNK,0,1,1066,1,Botnet
606,0,ICMP,147.32.84.191,7,7,UNK,0,1,1066,1,Botnet
607,0,ICMP,147.32.84.191,7,7,IRR,0,1,1066,1,Botnet
608,0,ICMP,147.32.84.191,7,7,UNK,0,1,1066,1,Botnet
609,0,ICMP,147.32.84.191,7,7,UNK,0,1,1066,1,Botnet
610,0,ICMP,147.32.84.191,7,7,UNK,0,1,1066,1,Botnet
611,0,ICMP,147.32.84.191,7,7,UNK,0,1,1066,1,Botnet
612,0,TCP,201.246.123.225,2173,6881,S_RA,0,2,116,1,Background
613,0,ICMP,147.32.84.191,7,7,UNK,0,1,1066,1,Botnet
614,0,ICMP,147.32.84.191,7,7,UNK,0,1,1066,1,Botnet
615,0,ICMP,147.32.84.191,7,7,UNK,0,1,1066,1,Botnet
616,0,ICMP,147.32.84.191,7,7,UNK,0,1,1066,1,Botnet
617,0,ICMP,147.32.84.191,7,7,UNK,0,1,1066,1,Botnet
618,0,ICMP,147.32.84.191,7,7,ECO,0,1,1066,1,Botnet
619,0,ICMP,147.32.84.191,7,7,UNK,0,1,1066,1,Botnet
620,0,ICMP,147.32.84.191,7,7,SEC,0,1,1066,1,Botnet
621,0,ICMP,147.32.84.191,7,7,UR,0,1,1066,1,Botnet
622,0,ICMP,147.32.84.191,7,7,ROB,0,1,1066,1,Botnet
623,0,ICMP,147.32.84.191,7,7,IAH,0,1,1066,1,Botnet
624,0,ICMP,147.32.84.191,7,7,ECO,0,1,1066,1,Botnet
625,0,ICMP,147.32.84.191,7,7,UNK,0,1,1066,1,Botnet
626,0,ICMP,147.32.84.191,7,7,UNK,0,1,1066,1,Botnet
627,0,ICMP,147.32.84.191,7,7,UNK,0,1,1066,1,Botnet
628,0,ICMP,147.32.84.191,7,7,ECO,0,1,1066,1,Botnet
629,0,ICMP,147.32.84.191,7,7,UNK,0,1,1066,1,Botnet
630,0,ICMP,147.32.84.191,7,7,UNK,0,1,1066,1,Botnet
631,0,ICMP,147.32.84.191,7,7,UNK,0,1,1066,1,Botnet
632,0,ICMP,147.32.84.191,7,7,UNK,0,1,1066,1,Botnet
633,0,ICMP,147.32.84.191,7,7,UNK,0,1,1066,1,Botnet
634,0,ICMP,147.32.84.191,7,7,UNK,0,1,1066,1,Botnet
635,0,ICMP,147.32.84.191,7,7,UNK,0,1,1066,1,Botnet
636,59.509,UDP,147.32.84.59,43087,26510,CON,0,369,303048,1,Background
637,0,TCP,71.236.97.101,1260,6881,S_RA,0,2,116,1,Background
638,0,ICMP,147.32.84.191,7,7,MSR,0,1,1066,1,Botnet
639,0,ICMP,147.32.84.191,7,7,AHA,0,1,1066,1,Botnet
640,0,ICMP,147.32.84.191,7,7,UNK,0,1,1066,1,Botnet
641,0,ICMP,147.32.84.191,7,7,UNK,0,1,1066,1,Botnet
642,0,ICMP,147.32.84.191,7,7,ROB,0,1,1066,1,Botnet
643,0,ICMP,147.32.84.191,7,7,UNK,0,1,1066,1,Botnet
644,0,ICMP,147.32.84.191,7,7,TSR,0,1,1066,1,Botnet
645,0,ICMP,147.32.84.191,7,7,UNK,0,1,1066,1,Botnet
646,0,ICMP,147.32.84.191,7,7,ECR,0,1,1066,1,Botnet
647,0,ICMP,147.32.84.191,7,7,UNK,0,1,1066,1,Botnet
648,0,ICMP,147.32.84.191,7,7,UNK,0,1,1066,1,Botnet
649,0,ICMP,147.32.84.191,7,7,ECO,0,1,1066,1,Botnet
650,0,ICMP,147.32.84.191,7,7,UNK,0,1,1066,1,Botnet
651,0,ICMP,147.32.84.191,7,7,RTA,0,1,1066,1,Botnet
652,0,ICMP,147.32.84.191,7,7,UNK,0,1,1066,1,Botnet
653,0,ICMP,147.32.84.191,7,7,IAH,0,1,1066,1,Botnet
654,0,ICMP,147.32.84.191,7,7,UNK,0,1,1066,1,Botnet
655,0,ICMP,147.32.84.191,7,7,UNK,0,1,1066,1,Botnet
656,0,ICMP,147.32.84.191,7,7,ECO,0,1,1066,1,Botnet
657,0,ICMP,147.32.84.191,7,7,UNK,0,1,1066,1,Botnet
658,0,ICMP,147.32.84.191,7,7,ECR,0,1,1066,1,Botnet
659,0,ICMP,147.32.84.191,7,7,UNK,0,1,1066,1,Botnet
660,0,ICMP,147.32.84.191,7,7,UNK,0,1,1066,1,Botnet
661,0,ICMP,147.32.84.191,7,7,UNK,0,1,1066,1,Botnet
662,0,ICMP,147.32.84.191,7,7,UNK,0,1,1066,1,Botnet
663,0,ICMP,147.32.84.191,7,7,UNK,0,1,1066,1,Botnet
664,0,ICMP,147.32.84.191,7,7,UNK,0,1,1066,1,Botnet
665,0,ICMP,147.32.84.191,7,7,DNP,0,1,1066,1,Botnet
666,0,ICMP,147.32.84.191,7,7,UNK,0,1,1066,1,Botnet
667,0,ICMP,147.32.84.191,7,7,UNK,0,1,1066,1,Botnet
668,0,ICMP,147.32.84.191,7,7,ECR,0,1,1066,1,Botnet
669,0,ICMP,147.32.84.191,7,7,DNQ,0,1,1066,1,Botnet
670,0,ICMP,147.32.84.191,7,7,UNK,0,1,1066,1,Botnet
671,0,ICMP,147.32.84.191,7,7,UNK,0,1,1066,1,Botnet
672,0,ICMP,147.32.84.191,7,7,UNK,0,1,1066,1,Botnet
673,0,ICMP,147.32.84.191,7,7,UNK,0,1,1066,1,Botnet
674,0,ICMP,147.32.84.191,7,7,UNK,0,1,1066,1,Botnet
675,0,ICMP,147.32.84.191,7,7,UNK,0,1,1066,1,Botnet
676,0,ICMP,147.32.84.191,7,7,IRR,0,1,1066,1,Botnet
677,0,ICMP,147.32.84.191,7,7,UNK,0,1,1066,1,Botnet
678,0,ICMP,147.32.84.191,7,7,UNK,0,1,1066,1,Botnet
679,0,ICMP,147.32.84.191,7,7,UNK,0,1,1066,1,Botnet
680,0,ICMP,147.32.84.191,7,7,UNK,0,1,1066,1,Botnet
681,0,ICMP,147.32.84.191,7,7,UNK,0,1,1066,1,Botnet
682,0,ICMP,147.32.84.191,7,7,UNK,0,1,1066,1,Botnet
683,0,ICMP,147.32.84.191,7,7,UNK,0,1,1066,1,Botnet
684,0,ICMP,147.32.84.191,7,7,UNK,0,1,1066,1,Botnet
685,0,TCP,147.32.86.5,1285,34571,S_,0,1,62,1,Background
686,0.002,ICMP,147.32.84.164,7,7,ECO,0,1,78,1,LEGITIMATE
687,0,ICMP,147.32.84.191,7,7,NRA,0,1,1066,1,Botnet
688,0,ICMP,147.32.84.191,7,7,UNK,0,1,1066,1,Botnet
689,0,ICMP,147.32.84.191,7,7,ECR,0,1,1066,1,Botnet
690,0,ICMP,147.32.84.191,7,7,UNK,0,1,1066,1,Botnet
691,0,ICMP,147.32.84.191,7,7,UNK,0,1,1066,1,Botnet
692,0,ICMP,147.32.84.191,7,7,UNK,0,1,1066,1,Botnet
693,0,ICMP,147.32.84.191,7,7,UNK,0,1,1066,1,Botnet
694,0,ICMP,147.32.84.191,7,7,ECO,0,1,1066,1,Botnet
695,0,ICMP,147.32.84.191,7,7,UNK,0,1,1066,1,Botnet
696,0,ICMP,147.32.84.191,7,7,UNK,0,1,1066,1,Botnet
697,0,ICMP,147.32.84.191,7,7,UNK,0,1,1066,1,Botnet
698,0,ICMP,147.32.84.191,7,7,ROB,0,1,1066,1,Botnet
699,0,ICMP,147.32.84.191,7,7,ECR,0,1,1066,1,Botnet
700,0,ICMP,147.32.84.191,7,7,TST,0,1,1066,1,Botnet
701,0,ICMP,147.32.84.191,7,7,ECR,0,1,1066,1,Botnet
702,0,ICMP,147.32.84.191,7,7,UNK,0,1,1066,1,Botnet
703,0,ICMP,147.32.84.191,7,7,UNK,0,1,1066,1,Botnet
704,0,ICMP,147.32.84.191,7,7,DCE,0,1,1066,1,Botnet
705,0,ICMP,147.32.84.191,7,7,___,0,1,1066,1,Botnet
706,0,ICMP,147.32.84.191,7,7,UNK,0,1,1066,1,Botnet
707,0,ICMP,147.32.84.191,7,7,ROB,0,1,1066,1,Botnet
708,0,ICMP,147.32.84.191,7,7,UNK,0,1,1066,1,Botnet
709,0,ICMP,147.32.84.191,7,7,UNK,0,1,1066,1,Botnet
710,0,ICMP,147.32.84.191,7,7,ECR,0,1,1066,1,Botnet
711,0,ICMP,147.32.84.191,7,7,UNK,0,1,1066,1,Botnet
712,0,ICMP,147.32.84.191,7,7,UNK,0,1,1066,1,Botnet
713,0,ICMP,147.32.84.191,7,7,ECO,0,1,1066,1,Botnet
714,0,ICMP,147.32.84.191,7,7,UNK,0,1,1066,1,Botnet
715,0,ICMP,147.32.84.191,7,7,ECR,0,1,1066,1,Botnet
716,0,ICMP,147.32.84.191,7,7,UNK,0,1,1066,1,Botnet
717,0,ICMP,147.32.84.191,7,7,UNK,0,1,1066,1,Botnet
718,0,ICMP,147.32.84.191,7,7,URO,0,1,1066,1,Botnet
719,0,ICMP,147.32.84.191,7,7,UNK,0,1,1066,1,Botnet
720,0,ICMP,147.32.84.191,7,7,UNK,0,1,1066,1,Botnet
721,0,ICMP,147.32.84.191,7,7,MRP,0,1,1066,1,Botnet
722,0,ICMP,147.32.84.191,7,7,UNK,0,1,1066,1,Botnet
723,0,ICMP,147.32.84.191,7,7,UNK,0,1,1066,1,Botnet
724,0,ICMP,147.32.84.191,7,7,UNK,0,1,1066,1,Botnet
725,0,ICMP,147.32.84.191,7,7,UNK,0,1,1066,1,Botnet
726,0,ICMP,147.32.84.191,7,7,UNK,0,1,1066,1,Botnet
727,0,ICMP,147.32.84.191,7,7,UNK,0,1,1066,1,Botnet
728,0,ICMP,147.32.84.191,7,7,UNK,0,1,1066,1,Botnet
729,0,ICMP,147.32.84.191,7,7,UNK,0,1,1066,1,Botnet
730,0,ICMP,147.32.84.191,7,7,UNK,0,1,1066,1,Botnet
731,0,ICMP,147.32.84.191,7,7,UNK,0,1,1066,1,Botnet
732,0,ICMP,147.32.84.191,7,7,UNK,0,1,1066,1,Botnet
733,0,ICMP,147.32.84.191,7,7,UNK,0,1,1066,1,Botnet
734,0,ICMP,147.32.84.191,7,7,ECR,0,1,1066,1,Botnet
735,0,ICMP,147.32.84.191,7,7,UNK,0,1,1066,1,Botnet
736,0,ICMP,147.32.84.191,7,7,PTB,0,1,1066,1,Botnet
737,0,ICMP,147.32.84.191,7,7,UNK,0,1,1066,1,Botnet
738,0,ICMP,147.32.84.191,7,7,UNK,0,1,1066,1,Botnet
739,0,ICMP,147.32.84.191,7,7,UNK,0,1,1066,1,Botnet
740,0,ICMP,147.32.84.191,7,7,ROB,0,1,1066,1,Botnet
741,0,ICMP,147.32.84.191,7,7,UNK,0,1,1066,1,Botnet
742,0,ICMP,147.32.84.191,7,7,UNK,0,1,1066,1,Botnet
743,0,ICMP,147.32.84.191,7,7,UNK,0,1,1066,1,Botnet
744,0,ICMP,147.32.84.191,7,7,UNK,0,1,1066,1,Botnet
745,0,ICMP,147.32.84.191,7,7,UNK,0,1,1066,1,Botnet
746,0,ICMP,147.32.84.191,7,7,ROB,0,1,1066,1,Botnet
747,0,ICMP,147.32.84.191,7,7,ECR,0,1,1066,1,Botnet
748,0,ICMP,147.32.84.191,7,7,UNK,0,1,1066,1,Botnet
749,0,ICMP,147.32.84.191,7,7,UNK,0,1,1066,1,Botnet
750,0,ICMP,147.32.84.191,7,7,ECO,0,1,1066,1,Botnet
751,0,ICMP,147.32.84.191,7,7,UNK,0,1,1066,1,Botnet
752,0,UDP,147.32.84.138,34559,53,CON,0,2,214,1,Background
753,0.15,TCP,147.32.84.59,4181,12350,PA_PA,0,3,172,1,Background
754,59.58,UDP,147.32.84.59,43087,22384,CON,0,524,448403,1,Background
755,1.38,TCP,147.32.84.189,38726,80,FA_FA,0,4,264,1,Background
756,0,ICMP,147.32.84.164,7,7,ECO,0,1,78,1,LEGITIMATE
757,0,UDP,147.32.84.59,19181,17005,INT,0,1,145,1,Background
758,0,UDP,147.32.84.138,43875,53,CON,0,2,214,1,Background
759,0,UDP,85.26.241.101,42173,19083,CON,0,2,135,1,Background
760,0.001,UDP,195.66.111.34,12961,19083,CON,0,2,610,1,Background
761,0.001,UDP,219.78.121.131,34273,13363,CON,0,2,1127,1,Background
762,52.088,UDP,72.194.87.104,1573,13363,CON,0,6,1140,1,Background
763,44.282,UDP,147.32.84.229,13363,29624,CON,0,6,1095,1,Background
764,0,TCP,202.163.72.150,2452,43087,S_RA,0,2,120,1,Background
765,4.375,TCP,90.94.131.245,64933,80,_A,0,5,275,1,Background
766,0.232,UDP,147.32.84.170,38455,53,CON,0,2,150,1,LEGITIMATE
767,0.001,UDP,82.178.190.231,35600,13363,CON,0,2,127,1,Background
768,58.934,TCP,147.32.85.8,57514,443,FSPA_FSPA,0,24,4781,1,LEGITIMATE
769,0,UDP,93.183.128.218,16341,19083,CON,0,2,137,1,Background
770,0,UDP,94.54.140.111,41111,19083,CON,0,2,124,1,Background
771,0,UDP,147.32.84.138,50506,53,CON,0,2,214,1,Background
772,0,UDP,147.32.84.138,56078,53,CON,0,2,214,1,Background
773,0,UDP,147.32.84.138,35108,53,CON,0,2,214,1,Background
774,0,UDP,147.32.84.138,60445,53,CON,0,2,214,1,Background
775,0,UDP,147.32.84.138,45980,53,CON,0,2,214,1,Background
776,0,UDP,147.32.84.138,48082,53,CON,0,2,214,1,Background
777,0,UDP,147.32.84.138,50358,53,CON,0,2,214,1,Background
778,0.079,UDP,147.32.84.59,19181,45815,CON,0,2,474,1,Background
779,0.254,UDP,147.32.84.59,19181,17157,CON,0,2,474,1,Background
780,4.959,TCP,147.32.84.59,3167,62653,FSPA_FSPA,0,13,1442,1,Background
781,0,UDP,147.32.86.20,63116,53,CON,0,2,261,1,Background
782,0.208,TCP,147.32.86.20,1860,80,FSPA_FSPA,0,39,30700,1,Background
783,0,UDP,147.32.84.138,42186,53,CON,0,2,214,1,Background
784,0,UDP,147.32.84.138,51772,53,CON,0,2,214,1,Background
785,0,UDP,147.32.84.138,55747,53,CON,0,2,214,1,Background
786,0.517,TCP,147.32.86.74,2758,443,PA_PA,0,19,13161,1,LEGITIMATE
787,0.233,TCP,147.32.86.74,2759,443,PA_PA,0,8,4452,1,LEGITIMATE
788,0,UDP,147.32.84.229,13363,56814,CON,0,2,269,1,Background
789,0,TCP,147.32.84.59,54106,443,RA_,0,1,54,1,LEGITIMATE
790,0,TCP,147.32.84.59,54107,443,RA_,0,1,54,1,LEGITIMATE
791,0,TCP,147.32.84.59,54109,443,RA_,0,1,54,1,LEGITIMATE
792,0,TCP,147.32.84.59,54110,443,RA_,0,1,54,1,LEGITIMATE
793,0,TCP,147.32.84.59,54111,443,RA_,0,1,54,1,LEGITIMATE
794,0,TCP,147.32.84.59,54113,443,RA_,0,1,54,1,LEGITIMATE
795,0,TCP,147.32.84.59,54114,443,RA_,0,1,54,1,LEGITIMATE
796,0,TCP,147.32.84.59,54115,443,RA_,0,1,54,1,LEGITIMATE
797,0,TCP,147.32.84.59,54116,443,RA_,0,1,54,1,LEGITIMATE
798,0,TCP,147.32.84.59,54117,443,RA_,0,1,54,1,LEGITIMATE
799,0,TCP,147.32.84.59,54118,443,RA_,0,1,54,1,LEGITIMATE
800,0,TCP,147.32.84.59,54120,443,RA_,0,1,54,1,LEGITIMATE
801,0.007,TCP,147.32.84.59,54121,443,FRA_R,0,3,162,1,LEGITIMATE
802,0,TCP,147.32.84.59,54122,443,RA_,0,1,54,1,LEGITIMATE
803,0,TCP,147.32.84.59,54123,443,RA_,0,1,54,1,LEGITIMATE
804,0,TCP,147.32.84.59,54124,443,RA_,0,1,54,1,LEGITIMATE
805,0,TCP,147.32.84.59,54125,443,RA_,0,1,54,1,LEGITIMATE
806,0,TCP,147.32.84.59,54126,443,RA_,0,1,54,1,LEGITIMATE
807,0,TCP,147.32.84.59,54127,443,RA_,0,1,54,1,LEGITIMATE
808,0,UDP,147.32.84.138,43446,53,CON,0,2,214,1,Background
809,0.02,UDP,147.32.85.7,44282,53,CON,0,2,214,1,Background
810,0,UDP,109.89.49.102,28224,443,CON,0,2,128,1,Background
811,0,UDP,147.32.85.118,52711,53,CON,0,2,294,1,Background
812,0,UDP,147.32.85.118,62289,53,CON,0,2,306,1,Background
813,0,UDP,147.32.85.7,34531,53,CON,0,2,218,1,Background
814,0,UDP,147.32.85.7,35460,53,CON,0,2,340,1,Background
815,0,UDP,147.32.84.138,35150,53,CON,0,2,214,1,Background
816,0,UDP,147.32.84.138,34000,53,CON,0,2,214,1,Background
817,0,UDP,147.32.84.138,54803,53,CON,0,2,214,1,Background
818,0,UDP,147.32.84.138,42048,53,CON,0,2,214,1,Background
819,0.057,UDP,147.32.84.229,13363,9813,CON,0,2,562,1,Background
820,0,UDP,147.32.84.138,36879,53,CON,0,2,214,1,Background
821,0,UDP,147.32.84.138,51480,53,CON,0,2,214,1,Background
822,0,UDP,147.32.84.138,56579,53,CON,0,2,214,1,Background
823,0,UDP,147.32.84.138,47216,53,CON,0,2,214,1,Background
824,0,UDP,147.32.84.138,36378,53,CON,0,2,214,1,Background
825,0,UDP,147.32.84.138,57209,53,CON,0,2,214,1,Background
826,0,UDP,147.32.84.138,38556,53,CON,0,2,214,1,Background
827,0,UDP,147.32.84.138,33375,53,CON,0,2,214,1,Background
828,0.305,TCP,147.32.87.238,3780,80,SRPA_SPA,0,10,2553,1,LEGITIMATE
829,0.315,UDP,147.32.84.229,13363,31198,CON,0,2,139,1,Background
830,0,UDP,85.207.55.98,9896,13363,CON,0,2,245,1,Background
831,0,UDP,41.69.255.186,35783,13363,CON,0,2,133,1,Background
832,0,UDP,194.228.223.4,1839,13363,CON,0,2,261,1,Background
833,0.001,UDP,210.20.117.208,21472,13363,CON,0,2,742,1,Background
834,0.001,UDP,109.165.144.76,15628,13363,CON,0,2,311,1,Background
835,12.237,UDP,91.103.77.28,30973,13363,CON,0,10,680,1,Background
836,0,ICMP,147.32.84.191,7,7,UNK,0,1,1066,1,Botnet
837,0,ICMP,147.32.84.191,7,7,UNK,0,1,1066,1,Botnet
838,0,ICMP,147.32.84.191,7,7,UNK,0,1,1066,1,Botnet
839,0,ICMP,147.32.84.191,7,7,UNK,0,1,1066,1,Botnet
840,0,ICMP,147.32.84.191,7,7,ECR,0,1,1066,1,Botnet
841,0,ICMP,147.32.84.191,7,7,UNK,0,1,1066,1,Botnet
842,0,ICMP,147.32.84.191,7,7,UNK,0,1,1066,1,Botnet
843,0,ICMP,147.32.84.191,7,7,ECR,0,1,1066,1,Botnet
844,0,ICMP,147.32.84.191,7,7,UNK,0,1,1066,1,Botnet
845,0,ICMP,147.32.84.191,7,7,UNK,0,1,1066,1,Botnet
846,0,ICMP,147.32.84.191,7,7,UNK,0,1,1066,1,Botnet
847,0,ICMP,147.32.84.191,7,7,ECR,0,1,1066,1,Botnet
848,0,ICMP,147.32.84.191,7,7,ECO,0,1,1066,1,Botnet
849,0,ICMP,147.32.84.191,7,7,UNK,0,1,1066,1,Botnet
850,0,ICMP,147.32.84.191,7,7,UNK,0,1,1066,1,Botnet
851,0,ICMP,147.32.84.191,7,7,UNK,0,1,1066,1,Botnet
852,0,ICMP,147.32.84.191,7,7,ECO,0,1,1066,1,Botnet
853,0,ICMP,147.32.84.191,7,7,ECR,0,1,1066,1,Botnet
854,0,ICMP,147.32.84.191,7,7,UNK,0,1,1066,1,Botnet
855,0,ICMP,147.32.84.191,7,7,UNK,0,1,1066,1,Botnet
856,0,ICMP,147.32.84.191,7,7,UNK,0,1,1066,1,Botnet
857,0,ICMP,147.32.84.191,7,7,UNK,0,1,1066,1,Botnet
858,0,ICMP,147.32.84.191,7,7,UNK,0,1,1066,1,Botnet
859,0.389,TCP,147.32.84.229,3792,58898,PA_PA,0,5,930,1,Background
860,54.202,TCP,147.32.84.229,443,54592,PA_PA,0,89,8092,1,Background
861,0,TCP,71.236.97.101,1260,6881,S_RA,0,2,116,1,Background
862,59.824,TCP,147.32.86.166,33703,443,PA_PA,0,14,5179,1,Background
863,0,ICMP,147.32.84.191,7,7,AHA,0,1,1066,1,Botnet
864,0,ICMP,147.32.84.191,7,7,UNK,0,1,1066,1,Botnet
865,0,ICMP,147.32.84.164,7,7,ECO,0,1,78,1,LEGITIMATE
866,0,ICMP,147.32.84.191,7,7,UNK,0,1,1066,1,Botnet
867,0,ICMP,147.32.84.191,7,7,UNK,0,1,1066,1,Botnet
868,0,ICMP,147.32.84.191,7,7,UNK,0,1,1066,1,Botnet
869,0,ICMP,147.32.84.191,7,7,UNK,0,1,1066,1,Botnet
870,0,ICMP,147.32.84.191,7,7,ECO,0,1,1066,1,Botnet
871,0,ICMP,147.32.84.191,7,7,UNK,0,1,1066,1,Botnet
872,0,ICMP,147.32.84.191,7,7,ECR,0,1,1066,1,Botnet
873,0,ICMP,147.32.84.191,7,7,UNK,0,1,1066,1,Botnet
874,0,ICMP,147.32.84.191,7,7,UNK,0,1,1066,1,Botnet
875,0,ICMP,147.32.84.191,7,7,UNK,0,1,1066,1,Botnet
876,0,ICMP,147.32.84.191,7,7,UNK,0,1,1066,1,Botnet
877,0,ICMP,147.32.84.191,7,7,UNK,0,1,1066,1,Botnet
878,0,ICMP,147.32.84.191,7,7,UNK,0,1,1066,1,Botnet
879,0,ICMP,147.32.84.191,7,7,UNK,0,1,1066,1,Botnet
880,0,ICMP,147.32.84.191,7,7,UNK,0,1,1066,1,Botnet
881,0,ICMP,147.32.84.191,7,7,UNK,0,1,1066,1,Botnet
882,0,ICMP,147.32.84.191,7,7,UNK,0,1,1066,1,Botnet
883,0,ICMP,147.32.84.191,7,7,UNK,0,1,1066,1,Botnet
884,0,ICMP,147.32.84.191,7,7,UNK,0,1,1066,1,Botnet
885,0,ICMP,147.32.84.191,7,7,UNK,0,1,1066,1,Botnet
886,0,ICMP,147.32.84.191,7,7,UNK,0,1,1066,1,Botnet
887,0,ICMP,147.32.84.191,7,7,UNK,0,1,1066,1,Botnet
888,0,ICMP,147.32.84.191,7,7,UNK,0,1,1066,1,Botnet
889,0,ICMP,147.32.84.191,7,7,MRQ,0,1,1066,1,Botnet
890,0,ICMP,147.32.84.191,7,7,ECO,0,1,1066,1,Botnet
891,0,ICMP,147.32.84.191,7,7,UNK,0,1,1066,1,Botnet
892,0,ICMP,147.32.84.191,7,7,UNK,0,1,1066,1,Botnet
893,0,ICMP,147.32.84.191,7,7,UNK,0,1,1066,1,Botnet
894,0,ICMP,147.32.84.191,7,7,UNK,0,1,1066,1,Botnet
895,0,ICMP,147.32.84.191,7,7,ROB,0,1,1066,1,Botnet
896,0,ICMP,147.32.84.191,7,7,IRR,0,1,1066,1,Botnet
897,0,ICMP,147.32.84.191,7,7,UNK,0,1,1066,1,Botnet
898,0,ICMP,147.32.84.191,7,7,UNK,0,1,1066,1,Botnet
899,0,ICMP,147.32.84.191,7,7,ECO,0,1,1066,1,Botnet
900,0,ICMP,147.32.84.191,7,7,UNK,0,1,1066,1,Botnet
901,0,ICMP,147.32.84.191,7,7,UNK,0,1,1066,1,Botnet
902,0,ICMP,147.32.84.191,7,7,UNK,0,1,1066,1,Botnet
903,0,ICMP,147.32.84.191,7,7,UNK,0,1,1066,1,Botnet
904,0,ICMP,147.32.84.191,7,7,UNK,0,1,1066,1,Botnet
905,0,ICMP,147.32.84.191,7,7,ECO,0,1,1066,1,Botnet
906,0,ICMP,147.32.84.191,7,7,UNK,0,1,1066,1,Botnet
907,0,ICMP,147.32.84.191,7,7,ECO,0,1,1066,1,Botnet
908,0,ICMP,147.32.84.191,7,7,UNK,0,1,1066,1,Botnet
909,0,ICMP,147.32.84.191,7,7,UNK,0,1,1066,1,Botnet
910,0,ICMP,147.32.84.191,7,7,UNK,0,1,1066,1,Botnet
911,0,ICMP,147.32.84.191,7,7,UNK,0,1,1066,1,Botnet
912,0,ICMP,147.32.84.191,7,7,TSR,0,1,1066,1,Botnet
913,0,ICMP,147.32.84.191,7,7,UNK,0,1,1066,1,Botnet
914,0,ICMP,147.32.84.191,7,7,PTB,0,1,1066,1,Botnet
915,0,ICMP,147.32.84.191,7,7,UNK,0,1,1066,1,Botnet
916,0,ICMP,147.32.84.191,7,7,UR,0,1,1066,1,Botnet
917,0,ICMP,147.32.84.191,7,7,UNK,0,1,1066,1,Botnet
918,0,ICMP,147.32.84.191,7,7,UNK,0,1,1066,1,Botnet
919,0,ICMP,147.32.84.191,7,7,UNK,0,1,1066,1,Botnet
920,0,ICMP,147.32.84.191,7,7,UNK,0,1,1066,1,Botnet
921,0,ICMP,147.32.84.191,7,7,UNK,0,1,1066,1,Botnet
922,0,ICMP,147.32.84.191,7,7,NNA,0,1,1066,1,Botnet
923,0,ICMP,147.32.84.191,7,7,UNK,0,1,1066,1,Botnet
924,0,ICMP,147.32.84.191,7,7,UNK,0,1,1066,1,Botnet
925,0,ICMP,147.32.84.191,7,7,MHR,0,1,1066,1,Botnet
926,0,ICMP,147.32.84.191,7,7,UNK,0,1,1066,1,Botnet
927,0,ICMP,147.32.84.191,7,7,WAY,0,1,1066,1,Botnet
928,0,ICMP,147.32.84.191,7,7,UNK,0,1,1066,1,Botnet
929,0,ICMP,147.32.84.191,7,7,UNK,0,1,1066,1,Botnet
930,0,ICMP,147.32.84.191,7,7,UNK,0,1,1066,1,Botnet
931,0,ICMP,147.32.84.191,7,7,ECR,0,1,1066,1,Botnet
932,0,ICMP,147.32.84.191,7,7,UNK,0,1,1066,1,Botnet
933,0,ICMP,147.32.84.191,7,7,UNK,0,1,1066,1,Botnet
934,0,ICMP,147.32.84.191,7,7,ECO,0,1,1066,1,Botnet
935,0,ICMP,147.32.84.191,7,7,UNK,0,1,1066,1,Botnet
936,0,ICMP,147.32.84.191,7,7,UNK,0,1,1066,1,Botnet
937,0,ICMP,147.32.84.191,7,7,UNK,0,1,1066,1,Botnet
938,0,ICMP,147.32.84.191,7,7,UNK,0,1,1066,1,Botnet
939,0,ICMP,147.32.84.191,7,7,MRP,0,1,1066,1,Botnet
940,0,ICMP,147.32.84.191,7,7,UNK,0,1,1066,1,Botnet
941,0,ICMP,147.32.84.164,7,7,ECO,0,1,78,1,LEGITIMATE
942,0,ICMP,147.32.84.191,7,7,IRR,0,1,1066,1,Botnet
943,0,ICMP,147.32.84.191,7,7,ECO,0,1,1066,1,Botnet
944,0,ICMP,147.32.84.191,7,7,UNK,0,1,1066,1,Botnet
945,0,ICMP,147.32.84.191,7,7,UNK,0,1,1066,1,Botnet
946,0,ICMP,147.32.84.191,7,7,ECO,0,1,1066,1,Botnet
947,0,ICMP,147.32.84.191,7,7,RED,0,1,1066,1,Botnet
948,0,ICMP,147.32.84.191,7,7,UNK,0,1,1066,1,Botnet
949,0,ICMP,147.32.84.191,7,7,UNK,0,1,1066,1,Botnet
950,0,ICMP,147.32.84.191,7,7,UNK,0,1,1066,1,Botnet
951,0,ICMP,147.32.84.191,7,7,NRS,0,1,1066,1,Botnet
952,0,ICMP,147.32.84.191,7,7,UNK,0,1,1066,1,Botnet
953,0,ICMP,147.32.84.191,7,7,UNK,0,1,1066,1,Botnet
954,0,ICMP,147.32.84.191,7,7,UNK,0,1,1066,1,Botnet
955,0,ICMP,147.32.84.191,7,7,UNK,0,1,1066,1,Botnet
956,0,ICMP,147.32.84.191,7,7,UNK,0,1,1066,1,Botnet
957,0,ICMP,147.32.84.191,7,7,ECR,0,1,1066,1,Botnet
958,0,ICMP,147.32.84.191,7,7,UNK,0,1,1066,1,Botnet
959,0,ICMP,147.32.84.191,7,7,UNK,0,1,1066,1,Botnet
960,0,ICMP,147.32.84.191,7,7,UNK,0,1,1066,1,Botnet
961,0,ICMP,147.32.84.191,7,7,UNK,0,1,1066,1,Botnet
962,0.215,UDP,147.32.84.229,13363,3146,CON,0,2,137,1,Background
963,59.342,TCP,147.32.85.26,65492,443,A_PA,0,20,4651,1,LEGITIMATE
964,59.796,TCP,144.173.242.184,57134,19083,PA_PA,0,7,1828,1,Background
965,0,TCP,202.163.72.150,2452,43087,S_RA,0,2,120,1,Background
966,6.062,UDP,80.230.24.164,44832,13363,CON,0,6,402,1,Background
967,38.297,UDP,147.32.86.116,19083,40802,CON,0,6,959,1,Background
968,0,ICMP,147.32.84.164,7,7,ECO,0,1,78,1,LEGITIMATE
969,0,UDP,147.32.84.59,19181,4041,INT,0,1,145,1,Background
970,0,ICMP,147.32.84.164,7,7,ECO,0,1,78,1,LEGITIMATE
971,0.176,UDP,147.32.84.229,13363,44310,CON,0,2,603,1,Background
972,0.138,UDP,147.32.84.229,13363,39412,CON,0,2,135,1,Background
973,0.19,UDP,147.32.84.229,13363,21090,CON,0,2,131,1,Background
974,10.038,TCP,109.154.187.55,59084,80,SPA_SPA,0,22,3153,1,Background
975,5.999,ICMP,90.180.35.17,7,7,URH,0,3,534,1,Background
976,0,UDP,91.19.82.104,47329,13363,CON,0,2,123,1,Background
977,0,UDP,200.112.125.190,15163,19083,CON,0,2,135,1,Background
978,0,UDP,147.32.87.2,138,138,INT,0,2,494,1,Background
979,0,UDP,76.23.196.231,21158,13363,CON,0,2,134,1,Background
980,0,UDP,147.32.85.7,46508,53,CON,0,2,503,1,Background
981,2.891,ICMP,147.32.84.59,7,7,URP,0,2,200,1,Background
982,0,UDP,138.253.198.134,57970,13363,CON,0,2,131,1,Background
983,0.233,UDP,147.32.84.170,53148,53,CON,0,2,150,1,LEGITIMATE
984,9.01,UDP,147.32.84.229,13363,10743,INT,0,3,450,1,Background
985,0,UDP,77.5.44.152,38042,19083,CON,0,2,141,1,Background
986,0.59,UDP,188.232.101.107,64699,13363,CON,0,2,253,1,Background
987,0.002,UDP,109.149.32.151,55141,19083,CON,0,2,526,1,Background
988,0,UDP,147.32.84.170,35585,53,CON,0,2,400,1,LEGITIMATE
989,0,UDP,147.32.84.170,39377,53,CON,0,2,400,1,LEGITIMATE
990,0.018,TCP,147.32.84.170,44809,80,FSA_FSA,0,6,412,1,LEGITIMATE
991,0,UDP,125.152.194.87,38414,19083,CON,0,2,135,1,Background
992,0,UDP,94.27.86.147,22430,13363,CON,0,2,260,1,Background
993,0.005,UDP,95.27.187.26,7280,19083,CON,0,4,2986,1,Background
994,0.017,UDP,212.186.45.134,63346,19083,CON,0,2,306,1,Background
995,0,UDP,190.12.58.164,58934,13363,CON,0,2,134,1,Background
996,59.876,TCP,147.32.85.8,51047,80,A_FA,0,6,396,1,LEGITIMATE
997,53.451,TCP,195.187.155.2,35612,443,PA_PA,0,63,5919,1,Background
998,0,TCP,201.246.123.225,2173,6881,S_RA,0,2,116,1,Background
999,0.099,TCP,147.32.84.13,41495,80,PA_A,0,2,138,1,LEGITIMATE
1000,0,TCP,147.32.84.59,54128,443,RA_,0,1,54,1,LEGITIMATE
